createdon,new_annualcostsavings,new_annualemissionspreventedmtco2e,new_annualenergysavingsmmbtu,new_buildingtypenew_display,new_certificationlevel1_display,new_certificationlevel2_display,new_certificationlevel3_display,new_certificationtype1_display,new_certificationtype2_display,new_certificationtype3_display,new_constructioncost,new_country,new_currentphase_display,new_dateoccupied,new_gallonswatersaved,new_nda,new_programconstructionbegin,new_programconstructioncomplete,new_programdesigncomplete,new_programenergysavings,new_programfloors,new_programsquarefootage,new_programunits,new_programwastediverted,new_programwatersavings,new_rdtaxcredit,new_renewableenergykwh,new_siteacreage,new_tonswastediverted,new_totalconstructionbudget,psa_number,psa_programid,rwi_msa,programinitiatedby_empID,region,programmanager_empID,CityID,StateID
00:00.0,,,,,,,,,,,,,,,,FALSE,,,,,,,,,,FALSE,,,,,658,7753286b-950c-ea11-a811-000d3a36880e,FALSE,,SF,58,,
00:00.0,,,,,,,,,,,,,,,,FALSE,,,,,,,,,,TRUE,,,,,0692-A-10730,c4ceba17-fa46-ea11-a812-000d3a36880e,FALSE,,SF,58,,
00:00.0,,,,,,,,,,,,,,,,FALSE,,,,,,,,,,FALSE,,,,,0710-A-10717,92a19ef2-8d5d-ea11-a811-000d3a36886f,FALSE,,SF,58,,
00:00.0,,,,,,,,,,,,,,,,FALSE,,,,,,,,,,FALSE,,,,,711,6529fdbc-9b5d-ea11-a811-000d3a36880e,FALSE,,SF,21,,
00:00.0,,,,,,,,,,,,,,,,FALSE,,,,,,,,,,FALSE,,,,,712,c815d75d-9d5d-ea11-a811-000d3a36880e,FALSE,,SF,54,,
00:00.0,,,,,,,,,,,,,,,,FALSE,,,,,,,,,,FALSE,,,,,707,046a12c0-9a59-ea11-a811-000d3a36886f,FALSE,,SF,54,,
00:00.0,,,,,,,,,,,,,,,,FALSE,,,,,,,,,,FALSE,,,,,0835-A-10490,7859676e-f18f-ea11-a811-000d3a36880e,FALSE,,SD,,,
00:00.0,,,,,,,,,,,,,,,,FALSE,,,,,,,,,,FALSE,,,,,0836-A-10344,4131ec08-f28f-ea11-a811-000d3a36880e,FALSE,,SD,,,
00:00.0,,,,,,,,,,,,,,,,FALSE,,,,,,,,,,FALSE,,,,,841,232d7663-d893-ea11-a811-000d3a36880e,FALSE,,SD,,,
00:00.0,,,,,,,,,,,,,,,,FALSE,,,,,,,,,,FALSE,,,,,842,778bac79-db93-ea11-a811-000d3a36880e,FALSE,,SD,,,
00:00.0,,,,,,,,,,,,,,,,FALSE,,,,,,,,,,FALSE,,,,,843,3fa57abe-eb93-ea11-a811-000d3a36880e,FALSE,,SD,,,
00:00.0,,,,,,,,,,,,,,,,FALSE,,,,,,,,,,FALSE,,,,,844,88461965-ec93-ea11-a811-000d3a36880e,FALSE,,SD,,,
00:00.0,,,,,,,,,,,,,,,,FALSE,,,,,,,,,,FALSE,,,,,845,afe2154e-ef93-ea11-a811-000d3a36880e,FALSE,,SD,,,
00:00.0,,,,,,,,,,,,,,,,FALSE,,,,,,,,,,FALSE,,,,,846,3d63eaeb-ef93-ea11-a811-000d3a36880e,FALSE,,SD,,,
00:00.0,,,,,,,,,,,,,,,,FALSE,,,,,,,,,,FALSE,,,,,847,2bf1313d-2e99-ea11-a811-000d3a36880e,FALSE,,SD,,,
00:00.0,,,,,,,,,,,,,,,,FALSE,,,,,,,,,,FALSE,,,,,848,bdbe22ff-1b9a-ea11-a811-000d3a36880e,FALSE,,SD,,,
00:00.0,,,,,,,,,,,,,,,,FALSE,,,,,,,,,,FALSE,,,,,849,edbef0b0-1c9a-ea11-a811-000d3a36880e,FALSE,,SD,,,
00:00.0,,,,,,,,,,,,,,,,FALSE,,,,,,,,,,FALSE,,,,,850,42e9fa10-df9a-ea11-a811-000d3a36880e,FALSE,,SD,,,
00:00.0,,,,,,,,,,,,,,,,FALSE,,,,,,,,,,FALSE,,,,,860,1df38a46-8c9b-ea11-a811-000d3a36880e,FALSE,,SD,,,
00:00.0,,,,,,,,,,,,,,,,FALSE,,,,,,,,,,FALSE,,,,,862,64c04c1a-749f-ea11-a812-000d3a36880e,FALSE,,SD,,,
00:00.0,,,,,,,,,,,,,,,,FALSE,,,,,,,,,,FALSE,,,,,866,e0fa0882-92a4-ea11-a812-000d3a36880e,FALSE,,SF,,,
00:00.0,,,,,,,,,,,,,,,,FALSE,,,,,,,,,,FALSE,,,,,874,ef0d4d63-fbc2-ea11-a812-000d3a36880e,FALSE,,SD,,,
00:00.0,,,,,,,,,,,,,,,,FALSE,,,,,,,,,,FALSE,,,,,875,f2262430-05c3-ea11-a812-000d3a36880e,FALSE,,SD,,,
00:00.0,,,,,,,,,,,,,,,,FALSE,,,,,,,,,,FALSE,,,,,0724-A-10832,40980470-ca79-ea11-a811-000d3a36886f,FALSE,,SF,,,
00:00.0,,,,,,,,,,,,,,,,FALSE,,,,,,,,,,FALSE,,,,,0837-A-0000,35306a3e-9890-ea11-a811-000d3a36886f,FALSE,,SD,,,
00:00.0,,,,,,,,,,,,,,,,FALSE,,,,,,,,,,FALSE,,,,,838,552a3e0d-bf90-ea11-a811-000d3a36886f,FALSE,,SD,,,
00:00.0,,,,,,,,,,,,,,,,FALSE,,,,,,,,,,FALSE,,,,,839,fefc5f27-cd90-ea11-a811-000d3a36886f,FALSE,,SD,,,
00:00.0,,,,,,,,,,,,,,,,FALSE,,,,,,,,,,FALSE,,,,,852,34a97817-1a9b-ea11-a811-000d3a36886f,FALSE,,SD,,,
00:00.0,,,,,,,,,,,,,,,,FALSE,,,,,,,,,,FALSE,,,,,853,8e144864-1b9b-ea11-a811-000d3a36886f,FALSE,,SD,,,
00:00.0,,,,,,,,,,,,,,,,FALSE,,,,,,,,,,FALSE,,,,,854,46ed5d1f-1c9b-ea11-a811-000d3a36886f,FALSE,,SD,,,
00:00.0,,,,,,,,,,,,,,,,FALSE,,,,,,,,,,FALSE,,,,,855,9de469cc-1c9b-ea11-a811-000d3a36886f,FALSE,,SD,,,
00:00.0,,,,,,,,,,,,,,,,FALSE,,,,,,,,,,FALSE,,,,,856,4d5b2458-1d9b-ea11-a811-000d3a36886f,FALSE,,SD,,,
00:00.0,,,,,,,,,,,,,,,,FALSE,,,,,,,,,,FALSE,,,,,857,403a24cb-1d9b-ea11-a811-000d3a36886f,FALSE,,SD,,,
00:00.0,,,,,,,,,,,,,,,,FALSE,,,,,,,,,,FALSE,,,,,858,f2aee33d-1e9b-ea11-a811-000d3a36886f,FALSE,,SD,,,
00:00.0,,,,,,,,,,,,,,,,FALSE,,,,,,,,,,FALSE,,,,,859,d8eecae0-1e9b-ea11-a811-000d3a36886f,FALSE,,SD,,,
00:00.0,,,,,,,,,,,,,,,,FALSE,,,,,,,,,,FALSE,,,,,826,7d83c52a-ca80-ea11-a812-000d3a36886f,FALSE,,SF,,,
00:00.0,,,,,,,,,,,,,,,,FALSE,,,,,,,,,,FALSE,,,,,694,a8e4d152-7b47-ea11-a812-000d3a36886f,FALSE,,SF,55,,
00:00.0,,,,,,,,,,,,,,,,FALSE,,,,,,,,,,FALSE,,,,,675,86b5a50d-7920-ea11-a810-000d3a36880e,FALSE,84,SF,84,,
00:00.0,,,,,,,,,,,,,,,,FALSE,,,,,,,,,,FALSE,,,,,701,87b97039-2655-ea11-a812-000d3a36880e,FALSE,84,SF,84,,
00:00.0,,,,,,,,,,,,,,,,FALSE,,,,,,,,,,FALSE,,,,,718,de502921-546a-ea11-a811-000d3a36886f,FALSE,84,SF,84,,
00:00.0,,,,,,,,,,,,,,,,FALSE,,,,,,,,,,TRUE,,,,,0682-A-10400,aa44a26a-9c32-ea11-a810-000d3a36880e,FALSE,89,SF,89,,
00:00.0,,,,,,,,,,,,,,,,FALSE,,,,,,,,,,FALSE,,,,,656,d6339bb1-1501-ea11-a811-000d3a36880e,FALSE,89,SF,89,,
00:00.0,,,,,,,,,,,,,,,,TRUE,,,,,,,,,,FALSE,,,,,666,8afbd441-fd1a-ea11-a811-000d3a36880e,FALSE,89,SF,89,,
00:00.0,,,,,,,,,,,,,,,,FALSE,,,,,,,,,,FALSE,,,,,863,bfdb8fa1-78a0-ea11-a812-000d3a36886f,FALSE,,SF,,,
00:00.0,,,,,,,,,,,,,,,,FALSE,,,,,,,,,,FALSE,,,,,867,00076f2a-94a6-ea11-a812-000d3a36886f,FALSE,,SF,,,
00:00.0,,,,,,,,,,,,,,,,FALSE,,,,,,,,,,FALSE,,,,,872,0497f903-0dbb-ea11-a812-000d3a36886f,FALSE,,SD,,,
00:00.0,,,,,,,,,,,,,,,,FALSE,,,,,,,,,,FALSE,,,,,876,a2c26880-68c6-ea11-a812-000d3a36886f,FALSE,,SD,,,
00:00.0,,,,,,,,,,,,,,,,FALSE,,,,,,,,,,FALSE,,,,,687,1ad8cc09-8236-ea11-a813-000d3a368be7,FALSE,89,SF,89,,
00:00.0,,,,,,,,,,,,,,,,FALSE,,,,,,,,,,FALSE,,,,,0685-A-9917,8e429d50-e633-ea11-a813-000d3a368e62,FALSE,,SF,73,,
00:00.0,,,,,,,,,,,,,,,,FALSE,,,,,,,,,,FALSE,,,,,542,e667efd7-037c-e811-a958-000d3a3780dd,FALSE,,SF,44,,
00:00.0,,,,,,,,,,,,,,,,FALSE,,,,,,,,,,FALSE,,,,,0543-A-4318,f5907a3e-047c-e811-a958-000d3a3780dd,FALSE,,SF,44,,
00:00.0,,,,,,,,,,,,,,,,FALSE,,,,,,,,,,FALSE,,,,,592,983249ca-5217-e911-a966-000d3a3780dd,FALSE,54,SF,54,,
00:00.0,,,,,,,,,,,,,,,,TRUE,,,,,,,,,,FALSE,,,,,595,154b0051-4c1f-e911-a96b-000d3a3780dd,FALSE,58,SF,58,,
00:00.0,,,,,,,,,,,,,,,,FALSE,,,,,,,,,,TRUE,,,,,650,815cd022-f8e9-e911-a97d-000d3a3780dd,FALSE,,SF,73,,
00:00.0,,,,,,,,,,,,,,,,FALSE,,,,,,,,,,FALSE,,,,,2,e18031f8-00b2-e811-a95c-000d3a37839b,FALSE,,SF,58,,
00:00.0,,,,,,,,,,,,,,,,FALSE,,,,,,,,,,FALSE,,,,,3,352dc76a-01b2-e811-a95c-000d3a37839b,FALSE,,SF,58,,
00:00.0,,,,,,,,,,,,,,,,FALSE,,,,,,,,,,FALSE,,,,,624,6de2ff4f-0a7c-e911-a977-000d3a37839b,FALSE,,SF,79,,
00:00.0,,,,,,,,,,,,,,,,FALSE,,,,,,,,,,TRUE,,,,,534,65d3f218-5e6f-e811-a953-000d3a37870e,FALSE,40,SF,89,,
00:00.0,,,,,,,,,,,,,,,,FALSE,,,,,,,,,,,,,,,586,d2ce9a4f-f80a-e911-a964-000d3a37870e,FALSE,,SF,84,,
00:00.0,,,,,,,,,,,,,,,,FALSE,,,,,,,,,,FALSE,,,,,0727-A-7376,065f4cc5-1280-ea11-a811-000d3a378ab9,FALSE,,SD,,,
00:00.0,,,,,,,,,,,,,,,,FALSE,,,,,,,,,,FALSE,,,,,0728-A-8201,085f4cc5-1280-ea11-a811-000d3a378ab9,FALSE,,SD,,,
00:00.0,,,,,,,,,,,,,,,,FALSE,,,,,,,,,,FALSE,,,,,0729-A-6999,0a5f4cc5-1280-ea11-a811-000d3a378ab9,FALSE,,SD,,,
00:00.0,,,,,,,,,,,,,,,,FALSE,,,,,,,,,,FALSE,,,,,0730-A-6499,0c5f4cc5-1280-ea11-a811-000d3a378ab9,FALSE,,SD,,,
00:00.0,,,,,,,,,,,,,,,,FALSE,,,,,,,,,,FALSE,,,,,0731-A-4444,0e5f4cc5-1280-ea11-a811-000d3a378ab9,FALSE,,SD,,,
00:00.0,,,,,,,,,,,,,,,,FALSE,,,,,,,,,,FALSE,,,,,0732-A-7791,105f4cc5-1280-ea11-a811-000d3a378ab9,FALSE,,SD,,,
00:00.0,,,,,,,,,,,,,,,,FALSE,,,,,,,,,,FALSE,,,,,0733-A-6887,125f4cc5-1280-ea11-a811-000d3a378ab9,FALSE,,SD,,,
00:00.0,,,,,,,,,,,,,,,,FALSE,,,,,,,,,,FALSE,,,,,0734-A-7087,145f4cc5-1280-ea11-a811-000d3a378ab9,FALSE,,SD,,,
00:00.0,,,,,,,,,,,,,,,,FALSE,,,,,,,,,,FALSE,,,,,0735-A-10075,165f4cc5-1280-ea11-a811-000d3a378ab9,FALSE,,SD,,,
00:00.0,,,,,,,,,,,,,,,,FALSE,,,,,,,,,,FALSE,,,,,0736-A-5355,185f4cc5-1280-ea11-a811-000d3a378ab9,FALSE,,SD,,,
00:00.0,,,,,,,,,,,,,,,,FALSE,,,,,,,,,,FALSE,,,,,0737-A-7479,1a5f4cc5-1280-ea11-a811-000d3a378ab9,FALSE,,SD,,,
00:00.0,,,,,,,,,,,,,,,,FALSE,,,,,,,,,,FALSE,,,,,0738-A-2489,1c5f4cc5-1280-ea11-a811-000d3a378ab9,FALSE,,SD,,,
00:00.0,,,,,,,,,,,,,,,,FALSE,,,,,,,,,,FALSE,,,,,0739-A-6791,1e5f4cc5-1280-ea11-a811-000d3a378ab9,FALSE,,SD,,,
00:00.0,,,,,,,,,,,,,,,,FALSE,,,,,,,,,,FALSE,,,,,0740-A-8790,205f4cc5-1280-ea11-a811-000d3a378ab9,FALSE,,SD,,,
00:00.0,,,,,,,,,,,,,,,,FALSE,,,,,,,,,,FALSE,,,,,0741-A-4853,225f4cc5-1280-ea11-a811-000d3a378ab9,FALSE,,SD,,,
00:00.0,,,,,,,,,,,,,,,,FALSE,,,,,,,,,,FALSE,,,,,0742-A-9092,245f4cc5-1280-ea11-a811-000d3a378ab9,FALSE,,SD,,,
00:00.0,,,,,,,,,,,,,,,,FALSE,,,,,,,,,,FALSE,,,,,0743-A-9480,265f4cc5-1280-ea11-a811-000d3a378ab9,FALSE,,SD,,,
00:00.0,,,,,,,,,,,,,,,,FALSE,,,,,,,,,,FALSE,,,,,0744-A-9532,285f4cc5-1280-ea11-a811-000d3a378ab9,FALSE,,SD,,,
00:00.0,,,,,,,,,,,,,,,,FALSE,,,,,,,,,,FALSE,,,,,0745-A-5450,2a5f4cc5-1280-ea11-a811-000d3a378ab9,FALSE,,SD,,,
00:00.0,,,,,,,,,,,,,,,,FALSE,,,,,,,,,,FALSE,,,,,0746-A-9513,2c5f4cc5-1280-ea11-a811-000d3a378ab9,FALSE,,SD,,,
00:00.0,,,,,,,,,,,,,,,,FALSE,,,,,,,,,,FALSE,,,,,0747-A-6974,2e5f4cc5-1280-ea11-a811-000d3a378ab9,FALSE,,SD,,,
00:00.0,,,,,,,,,,,,,,,,FALSE,,,,,,,,,,FALSE,,,,,0748-A-6512,305f4cc5-1280-ea11-a811-000d3a378ab9,FALSE,,SD,,,
00:00.0,,,,,,,,,,,,,,,,FALSE,,,,,,,,,,FALSE,,,,,0749-A-1223,325f4cc5-1280-ea11-a811-000d3a378ab9,FALSE,,SD,,,
00:00.0,,,,,,,,,,,,,,,,FALSE,,,,,,,,,,FALSE,,,,,0750-A-5057,345f4cc5-1280-ea11-a811-000d3a378ab9,FALSE,,SD,,,
00:00.0,,,,,,,,,,,,,,,,FALSE,,,,,,,,,,FALSE,,,,,0751-A-7272,365f4cc5-1280-ea11-a811-000d3a378ab9,FALSE,,SD,,,
00:00.0,,,,,,,,,,,,,,,,FALSE,,,,,,,,,,FALSE,,,,,0752-A-8835,385f4cc5-1280-ea11-a811-000d3a378ab9,FALSE,,SD,,,
00:00.0,,,,,,,,,,,,,,,,FALSE,,,,,,,,,,FALSE,,,,,0753-A-3684,3a5f4cc5-1280-ea11-a811-000d3a378ab9,FALSE,,SD,,,
00:00.0,,,,,,,,,,,,,,,,FALSE,,,,,,,,,,FALSE,,,,,0754-A-6681,3c5f4cc5-1280-ea11-a811-000d3a378ab9,FALSE,,SD,,,
00:00.0,,,,,,,,,,,,,,,,FALSE,,,,,,,,,,FALSE,,,,,0755-A-6328,3e5f4cc5-1280-ea11-a811-000d3a378ab9,FALSE,,SD,,,
00:00.0,,,,,,,,,,,,,,,,FALSE,,,,,,,,,,FALSE,,,,,0756-A-8427,405f4cc5-1280-ea11-a811-000d3a378ab9,FALSE,,SD,,,
00:00.0,,,,,,,,,,,,,,,,FALSE,,,,,,,,,,FALSE,,,,,0757-A-8545,425f4cc5-1280-ea11-a811-000d3a378ab9,FALSE,,SD,,,
00:00.0,,,,,,,,,,,,,,,,FALSE,,,,,,,,,,FALSE,,,,,0758-A-9125,445f4cc5-1280-ea11-a811-000d3a378ab9,FALSE,,SD,,,
00:00.0,,,,,,,,,,,,,,,,FALSE,,,,,,,,,,FALSE,,,,,0759-A-10127,465f4cc5-1280-ea11-a811-000d3a378ab9,FALSE,,SD,,,
00:00.0,,,,,,,,,,,,,,,,FALSE,,,,,,,,,,FALSE,,,,,0760-A-9117,485f4cc5-1280-ea11-a811-000d3a378ab9,FALSE,,SD,,,
00:00.0,,,,,,,,,,,,,,,,FALSE,,,,,,,,,,FALSE,,,,,0761-A-7509,4a5f4cc5-1280-ea11-a811-000d3a378ab9,FALSE,,SD,,,
00:00.0,,,,,,,,,,,,,,,,FALSE,,,,,,,,,,FALSE,,,,,0762-A-3938,4c5f4cc5-1280-ea11-a811-000d3a378ab9,FALSE,,SD,,,
00:00.0,,,,,,,,,,,,,,,,FALSE,,,,,,,,,,FALSE,,,,,0763-A-8974,4e5f4cc5-1280-ea11-a811-000d3a378ab9,FALSE,,SD,,,
00:00.0,,,,,,,,,,,,,,,,FALSE,,,,,,,,,,FALSE,,,,,0764-A-3622,505f4cc5-1280-ea11-a811-000d3a378ab9,FALSE,,SD,,,
00:00.0,,,,,,,,,,,,,,,,FALSE,,,,,,,,,,FALSE,,,,,0765-A-5263,545f4cc5-1280-ea11-a811-000d3a378ab9,FALSE,,SD,,,
00:00.0,,,,,,,,,,,,,,,,FALSE,,,,,,,,,,FALSE,,,,,0766-A-8575,575f4cc5-1280-ea11-a811-000d3a378ab9,FALSE,,SD,,,
00:00.0,,,,,,,,,,,,,,,,FALSE,,,,,,,,,,FALSE,,,,,0767-A-8879,5b5f4cc5-1280-ea11-a811-000d3a378ab9,FALSE,,SD,,,
00:00.0,,,,,,,,,,,,,,,,FALSE,,,,,,,,,,FALSE,,,,,0768-A-8040,5d5f4cc5-1280-ea11-a811-000d3a378ab9,FALSE,,SD,,,
00:00.0,,,,,,,,,,,,,,,,FALSE,,,,,,,,,,FALSE,,,,,0769-A-8821,5f5f4cc5-1280-ea11-a811-000d3a378ab9,FALSE,,SD,,,
00:00.0,,,,,,,,,,,,,,,,FALSE,,,,,,,,,,FALSE,,,,,0770-A-4417,635f4cc5-1280-ea11-a811-000d3a378ab9,FALSE,,SD,,,
00:00.0,,,,,,,,,,,,,,,,FALSE,,,,,,,,,,FALSE,,,,,0771-A-8135,655f4cc5-1280-ea11-a811-000d3a378ab9,FALSE,,SD,,,
00:00.0,,,,,,,,,,,,,,,,FALSE,,,,,,,,,,FALSE,,,,,0772-A-7866,675f4cc5-1280-ea11-a811-000d3a378ab9,FALSE,,SD,,,
00:00.0,,,,,,,,,,,,,,,,FALSE,,,,,,,,,,FALSE,,,,,0773-A-10067,6b5f4cc5-1280-ea11-a811-000d3a378ab9,FALSE,,SD,,,
00:00.0,,,,,,,,,,,,,,,,FALSE,,,,,,,,,,FALSE,,,,,0774-A-6871,6d5f4cc5-1280-ea11-a811-000d3a378ab9,FALSE,,SD,,,
00:00.0,,,,,,,,,,,,,,,,FALSE,,,,,,,,,,FALSE,,,,,0775-A-9290,6f5f4cc5-1280-ea11-a811-000d3a378ab9,FALSE,,SD,,,
00:00.0,,,,,,,,,,,,,,,,FALSE,,,,,,,,,,FALSE,,,,,0776-A-6233,735f4cc5-1280-ea11-a811-000d3a378ab9,FALSE,,SD,,,
00:00.0,,,,,,,,,,,,,,,,FALSE,,,,,,,,,,FALSE,,,,,0777-A-989,755f4cc5-1280-ea11-a811-000d3a378ab9,FALSE,,SD,,,
00:00.0,,,,,,,,,,,,,,,,FALSE,,,,,,,,,,FALSE,,,,,0778-A-9005,775f4cc5-1280-ea11-a811-000d3a378ab9,FALSE,,SD,,,
00:00.0,,,,,,,,,,,,,,,,FALSE,,,,,,,,,,FALSE,,,,,0779-A-9253,7a5f4cc5-1280-ea11-a811-000d3a378ab9,FALSE,,SD,,,
00:00.0,,,,,,,,,,,,,,,,FALSE,,,,,,,,,,FALSE,,,,,0780-A-4370,7d5f4cc5-1280-ea11-a811-000d3a378ab9,FALSE,,SD,,,
00:00.0,,,,,,,,,,,,,,,,FALSE,,,,,,,,,,FALSE,,,,,0781-A-4507,7f5f4cc5-1280-ea11-a811-000d3a378ab9,FALSE,,SD,,,
00:00.0,,,,,,,,,,,,,,,,FALSE,,,,,,,,,,FALSE,,,,,0782-A-7663,835f4cc5-1280-ea11-a811-000d3a378ab9,FALSE,,SD,,,
00:00.0,,,,,,,,,,,,,,,,FALSE,,,,,,,,,,FALSE,,,,,0783-A-6962,855f4cc5-1280-ea11-a811-000d3a378ab9,FALSE,,SD,,,
00:00.0,,,,,,,,,,,,,,,,FALSE,,,,,,,,,,FALSE,,,,,0784-A-7070,885f4cc5-1280-ea11-a811-000d3a378ab9,FALSE,,SD,,,
00:00.0,,,,,,,,,,,,,,,,FALSE,,,,,,,,,,FALSE,,,,,0785-A-4815,8b5f4cc5-1280-ea11-a811-000d3a378ab9,FALSE,,SD,,,
00:00.0,,,,,,,,,,,,,,,,FALSE,,,,,,,,,,FALSE,,,,,0786-A-9107,8d5f4cc5-1280-ea11-a811-000d3a378ab9,FALSE,,SD,,,
00:00.0,,,,,,,,,,,,,,,,FALSE,,,,,,,,,,FALSE,,,,,0787-A-4335,905f4cc5-1280-ea11-a811-000d3a378ab9,FALSE,,SD,,,
00:00.0,,,,,,,,,,,,,,,,FALSE,,,,,,,,,,FALSE,,,,,0788-A-9519,935f4cc5-1280-ea11-a811-000d3a378ab9,FALSE,,SD,,,
00:00.0,,,,,,,,,,,,,,,,FALSE,,,,,,,,,,FALSE,,,,,0789-A-44,955f4cc5-1280-ea11-a811-000d3a378ab9,FALSE,,SD,,,
00:00.0,,,,,,,,,,,,,,,,FALSE,,,,,,,,,,FALSE,,,,,0790-A-7060,985f4cc5-1280-ea11-a811-000d3a378ab9,FALSE,,SD,,,
00:00.0,,,,,,,,,,,,,,,,FALSE,,,,,,,,,,FALSE,,,,,0791-A-4675,9b5f4cc5-1280-ea11-a811-000d3a378ab9,FALSE,,SD,,,
00:00.0,,,,,,,,,,,,,,,,FALSE,,,,,,,,,,FALSE,,,,,0792-A-5815,9d5f4cc5-1280-ea11-a811-000d3a378ab9,FALSE,,SD,,,
00:00.0,,,,,,,,,,,,,,,,FALSE,,,,,,,,,,FALSE,,,,,0793-A-9411,a05f4cc5-1280-ea11-a811-000d3a378ab9,FALSE,,SD,,,
00:00.0,,,,,,,,,,,,,,,,FALSE,,,,,,,,,,FALSE,,,,,0794-A-8032,a35f4cc5-1280-ea11-a811-000d3a378ab9,FALSE,,SD,,,
00:00.0,,,,,,,,,,,,,,,,FALSE,,,,,,,,,,FALSE,,,,,0795-A-9282,a55f4cc5-1280-ea11-a811-000d3a378ab9,FALSE,,SD,,,
00:00.0,,,,,,,,,,,,,,,,FALSE,,,,,,,,,,FALSE,,,,,0796-A-6312,a85f4cc5-1280-ea11-a811-000d3a378ab9,FALSE,,SD,,,
00:00.0,,,,,,,,,,,,,,,,FALSE,,,,,,,,,,FALSE,,,,,0797-A-6589,ab5f4cc5-1280-ea11-a811-000d3a378ab9,FALSE,,SD,,,
00:00.0,,,,,,,,,,,,,,,,FALSE,,,,,,,,,,FALSE,,,,,0798-A-5848,ad5f4cc5-1280-ea11-a811-000d3a378ab9,FALSE,,SD,,,
00:00.0,,,,,,,,,,,,,,,,FALSE,,,,,,,,,,FALSE,,,,,0799-A-7516,b05f4cc5-1280-ea11-a811-000d3a378ab9,FALSE,,SD,,,
00:00.0,,,,,,,,,,,,,,,,FALSE,,,,,,,,,,FALSE,,,,,0800-A-5020,b35f4cc5-1280-ea11-a811-000d3a378ab9,FALSE,,SD,,,
00:00.0,,,,,,,,,,,,,,,,FALSE,,,,,,,,,,FALSE,,,,,0801-A-9362,b55f4cc5-1280-ea11-a811-000d3a378ab9,FALSE,,SD,,,
00:00.0,,,,,,,,,,,,,,,,FALSE,,,,,,,,,,FALSE,,,,,0802-A-5584,b85f4cc5-1280-ea11-a811-000d3a378ab9,FALSE,,SD,,,
00:00.0,,,,,,,,,,,,,,,,FALSE,,,,,,,,,,FALSE,,,,,0803-A-5486,bb5f4cc5-1280-ea11-a811-000d3a378ab9,FALSE,,SD,,,
00:00.0,,,,,,,,,,,,,,,,FALSE,,,,,,,,,,FALSE,,,,,0804-A-8278,bd5f4cc5-1280-ea11-a811-000d3a378ab9,FALSE,,SD,,,
00:00.0,,,,,,,,,,,,,,,,FALSE,,,,,,,,,,FALSE,,,,,0805-A-8309,a736f7e9-1680-ea11-a811-000d3a378ab9,FALSE,,SD,,,
00:00.0,,,,,,,,,,,,,,,,FALSE,,,,,,,,,,FALSE,,,,,0806-A-8393,a936f7e9-1680-ea11-a811-000d3a378ab9,FALSE,,SD,,,
00:00.0,,,,,,,,,,,,,,,,FALSE,,,,,,,,,,FALSE,,,,,0807-A-8325,ab36f7e9-1680-ea11-a811-000d3a378ab9,FALSE,,SD,,,
00:00.0,,,,,,,,,,,,,,,,FALSE,,,,,,,,,,FALSE,,,,,0808-A-8625,ad36f7e9-1680-ea11-a811-000d3a378ab9,FALSE,,SD,,,
00:00.0,,,,,,,,,,,,,,,,FALSE,,,,,,,,,,FALSE,,,,,0809-A-9475,af36f7e9-1680-ea11-a811-000d3a378ab9,FALSE,,SD,,,
00:00.0,,,,,,,,,,,,,,,,FALSE,,,,,,,,,,FALSE,,,,,0810-A-9605,b136f7e9-1680-ea11-a811-000d3a378ab9,FALSE,,SD,,,
00:00.0,,,,,,,,,,,,,,,,FALSE,,,,,,,,,,FALSE,,,,,0811-A-9844,b336f7e9-1680-ea11-a811-000d3a378ab9,FALSE,,SD,,,
00:00.0,,,,,,,,,,,,,,,,FALSE,,,,,,,,,,FALSE,,,,,0812-A-9998,b536f7e9-1680-ea11-a811-000d3a378ab9,FALSE,,SD,,,
00:00.0,,,,,,,,,,,,,,,,FALSE,,,,,,,,,,FALSE,,,,,0814-A-10303,b936f7e9-1680-ea11-a811-000d3a378ab9,FALSE,,SD,,,
00:00.0,,,,,,,,,,,,,,,,FALSE,,,,,,,,,,FALSE,,,,,0815-A-9903,bb36f7e9-1680-ea11-a811-000d3a378ab9,FALSE,,SD,,,
00:00.0,,,,,,,,,,,,,,,,FALSE,,,,,,,,,,FALSE,,,,,0816-A-9964,bd36f7e9-1680-ea11-a811-000d3a378ab9,FALSE,,SD,,,
00:00.0,,,,,,,,,,,,,,,,FALSE,,,,,,,,,,FALSE,,,,,0817-A-9824,bf36f7e9-1680-ea11-a811-000d3a378ab9,FALSE,,SD,,,
00:00.0,,,,,,,,,,,,,,,,FALSE,,,,,,,,,,FALSE,,,,,0818-A-10387,c136f7e9-1680-ea11-a811-000d3a378ab9,FALSE,,SD,,,
00:00.0,,,,,,,,,,,,,,,,FALSE,,,,,,,,,,FALSE,,,,,0819-A-9490,c336f7e9-1680-ea11-a811-000d3a378ab9,FALSE,,SD,,,
00:00.0,,,,,,,,,,,,,,,,FALSE,,,,,,,,,,FALSE,,,,,0820-A-9612,c536f7e9-1680-ea11-a811-000d3a378ab9,FALSE,,SD,,,
00:00.0,,,,,,,,,,,,,,,,FALSE,,,,,,,,,,FALSE,,,,,0821-A-9834,c736f7e9-1680-ea11-a811-000d3a378ab9,FALSE,,SD,,,
00:00.0,,,,,,,,,,,,,,,,FALSE,,,,,,,,,,FALSE,,,,,0822-A-9839,c936f7e9-1680-ea11-a811-000d3a378ab9,FALSE,,SD,,,
00:00.0,,,,,,,,,,,,,,,,FALSE,,,,,,,,,,FALSE,,,,,0823-A-7939,cb36f7e9-1680-ea11-a811-000d3a378ab9,FALSE,,SD,,,
00:00.0,,,,,,,,,,,,,,,,FALSE,,,,,,,,,,FALSE,,,,,0824-A-7874,cd36f7e9-1680-ea11-a811-000d3a378ab9,FALSE,,SD,,,
00:00.0,,,,,,,,,,,,,,,,FALSE,,,,,,,,,,,,,,,526,cc24e0db-df5a-e811-a94f-000d3a378ca2,FALSE,,SF,58,,
00:00.0,,,,,,,,,,,,,,,,FALSE,,,,,,,,,,FALSE,,,,,6,fc90b12e-3015-e911-a963-000d3a378ca2,FALSE,,SF,54,,
00:00.0,,,,,,,,,,,,,,,,FALSE,,,,,,,,,,FALSE,,,,,602,64ff8e31-4b44-e911-a969-000d3a378ca2,FALSE,37,SF,37,,
00:00.0,,,,,,,,,,,,,,,,FALSE,,,,,,,,,,,,,,,625,538feefc-5e87-e911-a971-000d3a378ca2,FALSE,,SF,,,
00:00.0,,,,,,,,,,,,,,,,FALSE,,,,,,,,,,TRUE,,,,,640,17cb757d-7ace-e911-a97c-000d3a378ca2,FALSE,,SF,24,,
00:00.0,,,,,,,,,,,,,,,,FALSE,,,,,,,,,,TRUE,,,,,641,0ce71a7b-91ce-e911-a97c-000d3a378ca2,FALSE,,SF,89,,
00:00.0,,,,,,,,,,,,,,,,TRUE,,,,,,,,,,,,,,,544,5ec150bb-2f89-e811-a957-000d3a378dd3,FALSE,,SF,,,
00:00.0,,,,,,,,,,,,,,,,FALSE,,,,,,,,,,TRUE,,,,,550,b6e4579d-8e9a-e811-a95a-000d3a378dd3,FALSE,37,SF,37,,
00:00.0,,,,,,,,,,,,,,,,FALSE,,,,,,,,,,,,,,,4,0c596b7f-02d7-e811-a960-000d3a378dd3,FALSE,,SF,,,
00:00.0,,,,,,,,,,,,,,,,FALSE,,,,,,,,,,FALSE,,,,,609,98df6c24-b650-e911-a970-000d3a378dd3,FALSE,89,SF,24,,
00:00.0,,,,,,,,,,,,,,,,FALSE,,,,,,,,,,TRUE,,,,,645,b550a1f3-7bd9-e911-a98c-000d3a378dd3,FALSE,,DV,49,,
00:00.0,,,,,,,,,,,,,,,,FALSE,,,,,,,,,,TRUE,,,,,331,b41cb2d1-737b-e611-80ee-5065f38afa01,FALSE,24,SF,24,,
00:00.0,,,,,,,,,,,,,,,,FALSE,,,,,,,,,,,,,,,362,00dccb2b-ecd9-e611-80f7-5065f38b4491,FALSE,88,,88,,
00:00.0,,,,,,,,,,,,,,,,FALSE,,,,,,,,,,,,,,,347,8bea1241-66be-e611-80f5-5065f38b5171,FALSE,24,,24,,
00:00.0,,,,,,,,,,,,,,,,TRUE,,,,,,,,,,,,,,,341,cc0eb757-a7ab-e611-80f0-5065f38be0e1,FALSE,70,,24,,
00:00.0,,,,,,,,,,,,,,,,FALSE,,,,,,,,,,,,,,,173,630ede5d-249f-e311-aca1-6c3be5a6aa7c,FALSE,,,24,,
00:00.0,,,,,,,,,,,,,,,,FALSE,,,,,,,,,,,,,,,176,1b37ddb6-b2a4-e311-aca1-6c3be5a6aa7c,FALSE,,,,,
00:00.0,,,,,,,,,,,,,,,,FALSE,,,,,,,,,,,,,,,227,0492611e-a4a1-e411-b301-6c3be5a6aa7c,FALSE,,,37,,
00:00.0,,,,,,,,,,,,,,,,FALSE,,,,,,,,,,,,,,,62,cb3db93b-a932-e211-8a15-78e3b51146cf,FALSE,,,40,,
00:00.0,,,,,,,,,,,,,,,,FALSE,,,,,,,,,,,,,,,158,cf99cf80-e352-e311-8b1b-78e3b51146cf,FALSE,,,40,,
00:00.0,,,,,,,,,,,,,,,,FALSE,,,,,,,,,,,,,,,112,649241ef-52c9-e211-8b9c-78e3b51146cf,FALSE,,,58,,
00:00.0,,,,,,,,,,,,,,,,FALSE,,,,,,,,,,,,,,,56,8b46c36b-151e-e211-899b-78e3b511b601,FALSE,,,37,,
00:00.0,,,,,,,,,,,,,,,,FALSE,,,,,,,,,,,,,,,296,9913057e-c4d9-e511-80fd-c4346bacb92c,FALSE,,,40,,
00:00.0,,,,,,,,,,,,,,,,FALSE,,,,,,,,,,,,,,,429,5ab1be53-b752-e711-8100-e0071b66cf61,FALSE,70,SF,,,
00:00.0,,,,,,,,,,,,,,,,FALSE,,,,,,,,,,FALSE,,,,,517,6c6cc285-ae48-e811-8120-e0071b66cf61,FALSE,,SF,79,,
00:00.0,,,,,,,,,,,,,,,,FALSE,,,,,,,,,,,,,,,397,921515b0-5a1a-e711-80fe-e0071b6ad191,FALSE,24,SF,55,,
00:00.0,,,,,,,,,,,,,,,,FALSE,,,,,,,,,,,,,,,407,30f077d9-0426-e711-80ff-e0071b6ad191,FALSE,64,SF,37,,
00:00.0,,,,,,,,,,,,,,,,TRUE,,,,,,,,,,TRUE,,,,,447,858552e5-907c-e711-8109-e0071b6ad191,FALSE,58,SF,89,,
00:00.0,,,,,,,,,,,,,,,,FALSE,,,,,,,,,,TRUE,,,,,474,f9613d4b-64d4-e711-8115-e0071b6ad191,FALSE,37,SF,37,,
00:00.0,,,,,,,,,,,,,,,,FALSE,,,,,,,,,,,,,,,386,1bda61d9-630b-e711-810e-e0071b7458a1,FALSE,,SF,,,
00:00.0,,,,,,,,,,,,,,,,FALSE,,,,,,,,,,,,,,,388,0cd4b97c-680b-e711-810e-e0071b7458a1,FALSE,,SF,,,
00:00.0,,,,,,,,,,,,,,,,TRUE,,,,,,,,,,,,,,,466,1c5389b9-81b7-e711-8127-e0071b7458a1,FALSE,,SF,81,,
00:00.0,,,,,,,,,,,,,,,,TRUE,,,,,,,,,,FALSE,,,,,510,07b60dd8-7533-e811-8135-e0071b7458a1,FALSE,58,SF,58,,
00:00.0,,,,,,,,,,,,,,,,TRUE,,,,,,,,,,FALSE,,,,,664,caa9a8b7-9d17-ea11-a811-000d3a36880e,TRUE,58,SF,58,,
00:00.0,,,,,,,,,,,,,,,,TRUE,,,,,,,,,,FALSE,,,,,673,302792cc-551d-ea11-a811-000d3a36880e,TRUE,58,SF,58,,
00:00.0,,,,,,,,,,,,,,,,FALSE,,,,,,,,,,FALSE,,,,,717,95db9533-9869-ea11-a811-000d3a36886f,TRUE,24,SF,84,,
00:00.0,,,,,,,,,,,,,,,,FALSE,,,,,,,,,,,,,,,545,a10ac627-578c-e811-a958-000d3a37839b,TRUE,,SF,24,,
00:00.0,,,,,,,,,,,,,,,,FALSE,,,,,,,,,,FALSE,,,,,547,d09930a0-3f94-e811-a959-000d3a37839b,TRUE,,SF,54,,
00:00.0,,,,,,,,,,,,,,,,TRUE,,,,,,,,,,FALSE,,,,,579,fbdafc7d-41f8-e811-a965-000d3a37839b,TRUE,58,SF,58,,
00:00.0,,,,,,,,,,,,,,,,TRUE,,,,,,,,,,FALSE,,,,,638,8879ffce-94b9-e911-a97e-000d3a378f36,TRUE,58,SF,58,,
00:00.0,,,,,,,,,,,,,,,,,,,,,,,,,,,,,,,65,541eec00-cc3c-e211-8a15-78e3b51146cf,,,,,,
00:00.0,,,,,,,,,,,,,,,,,,,,,,,,,,,,,,,66,bc77b119-cc3c-e211-8a15-78e3b51146cf,,,,,,
00:00.0,,,,,,,,,,,,,,,,,,,,,,,,,,,,,,,77,fd5bd722-1c60-e211-8a15-78e3b51146cf,,,,70,,
00:00.0,,,,,,,,,,,,,,,,,,,,,,,,,,,,,,,58,ca99453b-c31f-e211-8b05-78e3b51146cf,,,,,,
00:00.0,,,,,,,,,,,,,,,,FALSE,,,,,,,,,,FALSE,,,,,59,a49e5775-c523-e211-8b05-78e3b51146cf,TRUE,,SF,14,,
00:00.0,,,,,,,,,,,,,,,,,,,,,,,,,,,,,,,151,90c07f01-1835-e311-8b1c-78e3b51146cf,,,,70,,
00:00.0,,,,,,,,,,,,,,,,FALSE,,,,,,,,,,,,,,,21,e2e138cc-0214-e211-8b1a-78e3b511b601,TRUE,,,70,,
00:00.0,,,,,,,,,,,,,,,,,,,,,,,,,,,,,,,23,c0fc4c47-0414-e211-8b1a-78e3b511b601,,,,,,
00:00.0,,,,,,,,,,,,,,,,,,,,,,,,,,,,,,,34,da02d48a-0714-e211-8b1a-78e3b511b601,,,,,,
00:00.0,,,,,,,,,,,,,,,,FALSE,,,,,,,,,,,,,,,53,eedfb726-0a14-e211-8b1a-78e3b511b601,TRUE,,,70,,
00:00.0,,,,,,,,,,,,,,,,,,,,,,,,,,,,,,,74,2bb78fad-3c5c-e211-8b98-78e3b511b601,,,,,,
00:00.0,,,,,,,,,,,,,,,,,,,,,,,,,,,,,,,76,384c4f07-dc5e-e211-8b98-78e3b511b601,,,,,,
00:00.0,,,,,,,,,,,,,,,,,,,,,,,,,,,,,,,83,09a560b9-ca6f-e211-8c15-78e3b511b601,,,,,,
00:00.0,,,,,,,,,,,,,,,,,,,,,,,,,,,,,,,86,c1636ff8-4d7a-e211-8c15-78e3b511b601,,,,,,
00:00.0,,,,,,,,,,,,,,,,,,,,,,,,,,,,,,,93,37211d45-7981-e211-8c2c-78e3b511b601,,,,40,,
00:00.0,,,,,,,,,,,,,,,,FALSE,,,,,,,,,,FALSE,,,,,0828-A-9931,2fe94430-1284-ea11-a812-000d3a36886f,FALSE,,SF,,,
00:00.0,,,,,,,,,,,,,,,,TRUE,,,,,,,,,,,,,,,365,50623402-86de-e611-80f7-5065f38be0e1,FALSE,58,SF,58,,
00:00.0,,,,,,,,,,,,US,,,,TRUE,,,,,,,,,,,,,,,287,b72193cf-d8b3-e511-80f7-c4346bacb92c,TRUE,47,,24,,
00:00.0,,,,,,,,,,,,US,,,,TRUE,,,,,,,,,,FALSE,,,,,691,a1f4c714-ea43-ea11-a812-000d3a368be7,FALSE,58,SF,58,,1
00:00.0,,,,,,,,,,,,US,,,,TRUE,,,,,,,,,,FALSE,,,,,537,edc1480c-2a73-e811-a956-000d3a37839b,FALSE,40,SF,40,,1
00:00.0,,,,,,,,,,,,US,,,,FALSE,,,,,,,,,,TRUE,,,,,577,78689ad5-76f2-e811-a965-000d3a37839b,FALSE,37,SF,37,,1
00:00.0,,,,,,,,,,,,US,,,,TRUE,,,,,,,,,,FALSE,,,,,578,aa523935-02f8-e811-a965-000d3a37839b,TRUE,67,SF,67,,1
00:00.0,,,,,,,,,,,,US,,,,TRUE,,,,,,,,,,FALSE,,,,,541,8ad56597-7476-e811-a955-000d3a378ca2,FALSE,67,SF,67,,1
00:00.0,,,,,,,,,,,,US,,,,FALSE,,,,,,,,,,FALSE,,,,,637,e7fe46f1-91b9-e911-a97e-000d3a378f36,FALSE,27,SF,27,,1
00:00.0,,,,,,,,,,,,US,,,,TRUE,,,,,,,,,,FALSE,,,,,485,02e14ce0-e9fb-e711-8116-e0071b66cf61,TRUE,58,SF,58,,1
00:00.0,,,,,,,,,,,,US,,,,TRUE,,,,,,,,,,FALSE,,,,,486,f9f22f47-ebfb-e711-8116-e0071b66cf61,TRUE,58,SF,67,,1
00:00.0,,,,,,,,,,,,,,,,FALSE,,,,,,,,,,FALSE,,,,,0463-A-10721,345e88ab-a3ae-e711-810f-e0071b6ad191,FALSE,58,SF,58,,1
00:00.0,,,,,,,,,,,,US,,,,FALSE,,,,,,,,,,TRUE,,,,,501,5df8c14d-a91d-e811-812f-e0071b7458a1,FALSE,40,SF,40,,1
00:00.0,,,,,,,,,,,,,,,,FALSE,,,,,2,,,,,,,,,,104,7213fcc7-c599-e211-8a95-78e3b51146cf,FALSE,,,70,,
00:00.0,,,,,,,,,,,,US,,,,FALSE,,,,,,,,,,TRUE,,,,,665,f12b8fa2-fb1a-ea11-a811-000d3a36880e,FALSE,81,SF,81,2,1
00:00.0,,,,,,,,,,,,US,,,,FALSE,,,,,,,,,,FALSE,,,,,831,05b0dd3b-6586-ea11-a812-000d3a36886f,FALSE,84,SF,84,2,1
00:00.0,,,,,,,,,,,,US,,,,FALSE,,,,,,,,,,FALSE,,,,,0689-A-10792,94587c16-1543-ea11-a812-000d3a368be7,FALSE,82,SF,82,2,1
00:00.0,,,,,,,,,,,,US,,,,FALSE,,,,,,,,,,FALSE,,,,,553,d2fae5c0-ceab-e811-a95c-000d3a3780dd,FALSE,51,SF,81,2,1
00:00.0,,,,,,,,,,,,US,,,,FALSE,,,,,,,,,,FALSE,,,,,0700-A-9815,5e3212f2-d352-ea11-a812-000d3a36880e,FALSE,84,SF,84,5,1
00:00.0,,,,,,,,,,,,US,,,,FALSE,,,,,,,,,,TRUE,,,,,659,6ddfbb4a-340f-ea11-a811-000d3a36880e,FALSE,32,SF,32,7,1
00:00.0,,,,,,,,,,,,US,,,,FALSE,,,,,,,,,,FALSE,,,,,840,e4a661fd-d790-ea11-a811-000d3a36886f,FALSE,58,SF,58,10,1
00:00.0,,,,,,,,,,,,US,,,,FALSE,,,,,,,,,,FALSE,,,,,661,a1805844-8510-ea11-a811-000d3a36880e,TRUE,20,DV,20,9,2
00:00.0,,,,,,,,,,,,US,,,,TRUE,,,,,,,,,,FALSE,,,,,670,d58c9039-5f1c-ea11-a811-000d3a36880e,FALSE,32,SF,32,14,1
00:00.0,,,,,,,,,,,,,,,,FALSE,,,,,,,,,,FALSE,,,,,833,81a85bec-4b8e-ea11-a811-000d3a36880e,FALSE,,DV,,16,
00:00.0,,,,,,,,,,,,US,,,,FALSE,,,,,,,,,,,,,,,558,dc07b167-98c2-e811-a95c-000d3a3780dd,TRUE,70,SF,51,34,1
00:00.0,,,,,,,,,,,,US,,,,FALSE,,,,,,,,,,TRUE,,,,,574,459bf38f-b0e2-e811-a962-000d3a3780dd,FALSE,24,SF,39,35,1
00:00.0,,,,,,,,,,,,US,,,,TRUE,,,,,,,,,,FALSE,,,,,621,6ba7cb76-1a70-e911-a977-000d3a37839b,TRUE,58,SF,58,10,1
00:00.0,,,,,,,,,,,,US,,,,TRUE,,,,,,,,,,FALSE,,,,,0622-A-9585,8869fe83-1b70-e911-a977-000d3a37839b,TRUE,58,SF,58,10,1
00:00.0,,,,,,,,,,,,US,,,,FALSE,,,,,,,,,,TRUE,,,,,643,82d0ca56-c6d0-e911-a983-000d3a37839b,FALSE,37,SF,37,39,1
00:00.0,,,,,,,,,,,,,,,,FALSE,,,,,,,,,,TRUE,,,,,535,cb5b1273-606f-e811-a953-000d3a37870e,FALSE,,SF,40,41,10
00:00.0,,,,,,,,,,,,US,,,,TRUE,,,,,,,,,,FALSE,,,,,569,454f08d0-65d1-e811-a960-000d3a37870e,TRUE,58,SF,58,8,1
00:00.0,,,,,,,,,,,,US,,,,FALSE,,,,,,,,,,FALSE,,,,,600,822feb65-f833-e911-a96a-000d3a37870e,FALSE,58,SF,58,2,1
00:00.0,,,,,,,,,,,,US,,,,TRUE,,,,,,,,,,FALSE,,,,,605,3697a22a-d645-e911-a96f-000d3a37870e,TRUE,67,SF,58,10,1
00:00.0,,,,,,,,,,,,US,,,,FALSE,,,,,,,,,,FALSE,,,,,549,50e80b23-b096-e811-a957-000d3a378ca2,FALSE,40,SF,40,2,1
00:00.0,,,,,,,,,,,,US,,,,FALSE,,,,,,,,,,TRUE,,,,,551,bfbb3dee-8e9a-e811-a95a-000d3a378dd3,FALSE,40,SF,40,3,1
00:00.0,,,,,,,,,,,,US,,,,TRUE,,,,,2,,,,,FALSE,,,,,644,c2d1b1cd-88d8-e911-a98b-000d3a378dd3,FALSE,89,SF,89,44,1
00:00.0,,,,,,,,,,,,US,,,,TRUE,,,,,,,,,,FALSE,,,,,647,852d3da3-38df-e911-a98e-000d3a378dd3,FALSE,89,SF,89,35,1
00:00.0,,,,,,,,,,,,US,,,,TRUE,,,,,,,,,,FALSE,,,,,651,1efece18-19eb-e911-a98f-000d3a378dd3,FALSE,58,SF,58,10,1
00:00.0,,,,,,,,,,,,USA,,,,FALSE,,,,,,,,,,,,,,,317,b47dacc7-814f-e611-80e5-5065f38b4491,FALSE,88,,88,2,1
00:00.0,,,,,,,,,,,,USA,,,,FALSE,,,,,,,,,,,,,,,329,402802d4-7374-e611-80ea-5065f38b4491,FALSE,54,SF,89,61,15
00:00.0,,,,,,,,,,,,USA,,,,FALSE,,,,,,,,,,,,,,,332,a3ec58e1-d284-e611-80ed-5065f38b4491,TRUE,70,SF,37,2,1
00:00.0,,,,,,,,,,,,US,,,,FALSE,,,,,,,,,,,,,,,369,d5eac40e-10e8-e611-80f9-5065f38b4491,FALSE,,DV,64,62,2
00:00.0,,,,,,,,,,,,US,,,,FALSE,,,,,,,,,,,,,,,319,ce8b9846-0b55-e611-80e5-5065f38b5171,FALSE,69,SF,69,2,1
00:00.0,,,,,,,,,,,,,,,,FALSE,,,,,,,,,,,,,,,335,399254ad-9786-e611-80ed-5065f38b5171,FALSE,70,SF,69,2,1
00:00.0,,,,,,,,,,,,,,,,TRUE,,,,,,,,,,,,,,,214,3b1f5032-4856-e411-b300-6c3be5a841e0,TRUE,,,70,76,
00:00.0,,,,,,,,,,,,USA,,,,FALSE,,,,,,,,,,,,,,,248,146219af-5806-e511-8c93-6c3be5a8b8b0,FALSE,51,,51,78,1
00:00.0,,,,,,,,,,,,USA,,,,FALSE,,,,,,,,,,,,,,,234,0224a037-1cb3-e411-9578-6c3be5a8b8b0,TRUE,,,37,2,1
00:00.0,,,,,,,,,,,,,,,,FALSE,,,,,,,,,,,,,,,153,130746c0-7e36-e311-8b1c-78e3b51146cf,FALSE,,,37,53,
00:00.0,,,,,,,,,,,,,,,,,,,,,,,,,,,,,,,26,02893990-0514-e211-8b1a-78e3b511b601,,,,,37,
00:00.0,,,,,,,,,,,,,,,,,,,,,,,,,,,,,,,42,c45e84d9-0814-e211-8b1a-78e3b511b601,,,,,2,
00:00.0,,,,,,,,,,,,,,,,,,,,,,,,,,,,,,,63,83c08d8f-a738-e211-8b98-78e3b511b601,,,,37,96,
00:00.0,,,,,,,,,,,,,,,,FALSE,,,,,,,,,,,,,,,118,039d1cc4-08d7-e211-8cf1-78e3b511b601,FALSE,,,51,76,
00:00.0,,,,,,,,,,,,US,,,,FALSE,,,,,,,,,,,,,,,314,a3a9f165-4945-e611-8117-c4346bac0260,FALSE,88,,70,110,16
00:00.0,,,,,,,,,,,,US,,,,FALSE,,,,,,,,,,TRUE,,,,,283,ce1e2cf3-6798-e511-80f1-c4346bac4b64,TRUE,70,SF,37,114,1
00:00.0,,,,,,,,,,,,US,,,,TRUE,,,,,,,,,,,,,,,258,9eef381b-1216-e511-80db-c4346bacb92c,FALSE,54,,24,117,1
00:00.0,,,,,,,,,,,,US,,,,TRUE,,,,,,,,,,,,,,,270,e564b87c-ea57-e511-80e8-c4346bacb92c,FALSE,58,SF,58,109,1
00:00.0,,,,,,,,,,,,,,,,TRUE,,,,,,,,,,,,,,,306,fb0aaadc-730e-e611-8103-c4346bacb92c,FALSE,24,,40,49,1
00:00.0,,,,,,,,,,,,US,,,,FALSE,,,,,,,,,,,,,,,275,6cb13268-386d-e511-80ee-c4346bacdbe8,TRUE,,SF,51,114,1
00:00.0,,,,,,,,,,,,US,,,,TRUE,,,,,,,,,,,,,,,285,5330dff6-279d-e511-80f8-c4346bacdbe8,FALSE,58,SF,51,14,1
00:00.0,,,,,,,,,,,,USA,,,,FALSE,,,,,,,,,,,,,,,453,f0c9346c-4e8c-e711-8106-e0071b66cf61,FALSE,69,SF,69,2,1
00:00.0,,,,,,,,,,,,,,,,FALSE,,,,,,,,,,,,,,,413,57f0996e-6d36-e711-8101-e0071b6ad191,FALSE,69,SF,70,2,1
00:00.0,,,,,,,,,,,,,,,,FALSE,,,,,,,,,,TRUE,,,,,404,249bd339-4321-e711-8112-e0071b7458a1,FALSE,,SF,72,3,
00:00.0,,,,,,,,,,,,USA,,,,FALSE,,,,,,,,,,,,,,,442,9a936149-b377-e711-811e-e0071b7458a1,TRUE,70,SF,70,76,1
00:00.0,,,,,,,,,,,,,,,,FALSE,00:00.0,,,,,,,,,FALSE,,,,,879,01850abf-2aca-ea11-a812-000d3a36886f,TRUE,,SF,,,
00:00.0,,,,,,,,,,,,,,,,FALSE,00:00.0,,,,1,,,,,,,,,,164,77bb12ab-8e63-e311-8a37-78e3b511b601,FALSE,,SF,51,2,
00:00.0,,,,,,,,,,,,China,,,,FALSE,00:00.0,,00:00.0,,,,,,,,,,,,328,444bfe4a-8f70-e611-80ea-5065f38b5171,FALSE,88,,88,65,
00:00.0,,,,,,,,,,,,US,,,,FALSE,,,,,,,,,,FALSE,,,,,723,a2075015-9374-ea11-a811-000d3a36886f,FALSE,37,SF,37,2,1
00:00.0,,,,,,,,,,,,US,,,,FALSE,,,,,,,,,,FALSE,,,,,851,d6e068df-159b-ea11-a811-000d3a36886f,FALSE,73,SF,73,2,1
00:00.0,,,,,,,,,,,,US,,,,FALSE,,,,,,,,,,FALSE,,,,,864,e86e8bbb-18a1-ea11-a812-000d3a36886f,FALSE,73,SF,73,2,1
00:00.0,,,,,,,,,,,,US,,,,FALSE,,,,,,,,,,TRUE,,,,,654,60645543-4ff5-e911-a813-000d3a36857d,FALSE,73,SF,73,3,1
00:00.0,,,,,,,,,,,,US,,,,TRUE,,,,,,,,,,FALSE,,,,,873,4292e9c9-93c1-ea11-a812-000d3a36886f,TRUE,58,SF,58,10,1
00:00.0,,,,,,,,,,,,CAN,,,,TRUE,,,,,,,,,,FALSE,,,,,667,40e83b0b-ff1a-ea11-a811-000d3a36880e,FALSE,89,SF,89,12,
00:00.0,,,,,,,,,,,,India,,,,FALSE,,,,,,,,,,FALSE,,,,,827,c1fd9195-3f83-ea11-a812-000d3a36886f,FALSE,84,SF,24,25,
00:00.0,,,,,,,,,,,,US,,,,FALSE,,,,,,,,,,FALSE,,,,,695,fcd5f8e9-d047-ea11-a812-000d3a368be7,FALSE,37,SF,55,30,1
00:00.0,,,,,,,,,,,,,,,,FALSE,,,,,,,,,,,,,,,539,a4caa207-c574-e811-a956-000d3a37839b,FALSE,,SF,37,2,1
00:00.0,,,,,,,,,,,,US,,,,FALSE,,,,,,,,,,FALSE,,,,,581,03ffee06-89f9-e811-a966-000d3a37839b,FALSE,24,SF,24,2,1
00:00.0,,,,,,,,,,,,US,,,,FALSE,,,,,,,,,,TRUE,,,,,623,bda01a0e-2b70-e911-a977-000d3a37839b,FALSE,67,SF,55,2,1
00:00.0,,,,,,,,,,,,US,,,,FALSE,,,,,,,,,,TRUE,,,,,603,e4a1e79c-bf45-e911-a96f-000d3a37870e,FALSE,51,SF,86,46,1
00:00.0,,,,,,,,,,,,,,,,FALSE,,,,,,,,,,FALSE,,,,,642,ba1f1843-32cf-e911-a97c-000d3a378ca2,FALSE,,SF,54,3,
00:00.0,,,,,,,,,,,,US,,,,FALSE,,,,,,,,,,TRUE,,,,,0561-A-10648,da29c002-07cc-e811-a960-000d3a378dd3,FALSE,,DV,20,17,2
00:00.0,,,,,,,,,,,,US,,,,TRUE,,,,,,,,,,,,,,,611,d02b903b-b654-e911-a970-000d3a378dd3,FALSE,84,SF,84,54,1
00:00.0,,,,,,,,,,,,US,,,,TRUE,,,,,,,,,,FALSE,,,,,632,c3f0d316-b4ac-e911-a97c-000d3a378f36,TRUE,58,SF,58,10,1
00:00.0,,,,,,,,,,,,USA,,,,FALSE,,,,,,,,,,,,,,,330,d4370563-cd79-e611-80ed-5065f38afa01,FALSE,51,SF,66,57,1
00:00.0,,,,,,,,,,,,USA,,,,FALSE,,,,,,,,,,,,,,,326,a4cb40b4-a16f-e611-80ea-5065f38b4491,FALSE,66,SF,66,60,14
00:00.0,,,,,,,,,,,,US,,,,FALSE,,,,,,,,,,,,,,,315,d2b542a1-084a-e611-80e5-5065f38b5171,FALSE,44,,44,59,11
00:00.0,,,,,,,,,,,,USA,,,,FALSE,,,,,,,,,,,,,,,361,7e3ac680-d1d9-e611-80f6-5065f38be0e1,FALSE,64,DV,64,62,2
00:00.0,,,,,,,,,,,,USA,,,,FALSE,,,,,,,,,,,,,,,171,d28aaf0d-c695-e311-a9b6-6c3be5a8b8b0,FALSE,,,70,35,1
00:00.0,,,,,,,,,,,,USA,,,,FALSE,,,,,,,,,,,,,,,165,41dc7901-4967-e311-8b1b-78e3b51146cf,FALSE,,,70,80,1
00:00.0,,,,,,,,,,,,USA,,,,,,,,,,,,,,,,,,,13,4e91eacd-0114-e211-8b1a-78e3b511b601,,,,,87,1
00:00.0,,,,,,,,,,,,United Arab Emirates,,,,FALSE,,,,,,,,,,,,,,,225,50f5e453-4785-e411-9650-a45d36fc0a08,FALSE,24,,24,101,
00:00.0,,,,,,,,,,,,US,,,,FALSE,,,,,,,,,,,,,,,295,46df88bf-b1d9-e511-8104-c4346bac0260,TRUE,88,SF,88,106,19
00:00.0,,,,,,,,,,,,US,,,,FALSE,,,,,,,,,,,,,,,310,ca288e23-1629-e611-8114-c4346bac0260,FALSE,58,SF,58,109,1
00:00.0,,,,,,,,,,,,US,,,,TRUE,,,,,,,,,,,,,,,262,2a083229-5826-e511-80da-c4346bac4b64,TRUE,70,SF,70,113,1
00:00.0,,,,,,,,,,,,US,,,,FALSE,,,,,,,,,,,,,,,305,44906a99-6c06-e611-8100-c4346bac4b64,FALSE,55,,55,2,1
00:00.0,,,,,,,,,,,,US,,,,FALSE,,,,36,,,,,,,,133500,,,256,bea994ae-d915-e511-80db-c4346bacb92c,FALSE,,,51,116,1
00:00.0,,,,,,,,,,,,US,,,,FALSE,,,,,1,,,,,,,,,,302,b60bc2a6-3700-e611-8101-c4346bacb92c,TRUE,40,,24,2,1
00:00.0,,,,,,,,,,,,US,,,,FALSE,,,,,,,,,,,,,,,290,3c66ae39-f3c5-e511-80fe-c4346bacdbe8,FALSE,58,SF,40,121,20
00:00.0,,,,,,,,,,,,,,,,FALSE,,,,,,,,,,,,,,,380,40b54c93-9603-e711-80f4-e0071b66cf61,FALSE,70,SF,24,2,10
00:00.0,,,,,,,,,,,,USA,,,,FALSE,,,,,2,,,,,,,,,,444,8ee13d03-6979-e711-811e-e0071b7458a1,FALSE,42,SF,42,56,1
00:00.0,,,,,,,,,,,,,,,,FALSE,,,,,,,,,,,,,,,514,4ead6e5f-7238-e811-8135-e0071b7458a1,FALSE,,SF,24,2,1
00:00.0,,,,,,,,,,,,US,,,,TRUE,00:00.0,00:00.0,00:00.0,,,420000,,,,FALSE,,,,,327,ac950659-7f70-e611-80ed-5065f38afa01,FALSE,70,SF,58,10,1
00:00.0,,,,,,,,,,,,USA,,,,FALSE,,,00:00.0,,1,4152,,,,,,10452,,,175,23a7f130-4e9f-e311-aca1-6c3be5a6aa7c,FALSE,,,40,34,1
00:00.0,,,,,,,,,,,,USA,,,,FALSE,00:00.0,00:00.0,00:00.0,,1,97000,,,,,,,,,172,ac9238c7-d998-e311-bf57-6c3be5a6aa7c,FALSE,,SF,24,69,1
00:00.0,,,,,,,,,,,,USA,,,,FALSE,00:00.0,00:00.0,00:00.0,,6,57576,,,,,,,,,193,1c5499d3-53e0-e311-b46e-6c3be5a841e0,FALSE,,,58,77,1
00:00.0,185000,6700,5600,,,,,,,,,US,,,1994000,FALSE,00:00.0,,00:00.0,22,43,770000,,,37,,,,,,244,6d48f82e-22ed-e411-a607-6c3be5a8b8b0,FALSE,,SF,24,2,1
00:00.0,,,,,,,,,,,,US,,,,FALSE,00:00.0,,00:00.0,,3,650000,,,,,,,,,142,9a197beb-fa25-e311-8b1c-78e3b51146cf,FALSE,,,37,81,1
00:00.0,,,,,,,,,,,,US,,,,FALSE,00:00.0,00:00.0,00:00.0,,1,36592,,,,,,23.2,,,146,585b3d0d-c72b-e311-8b1c-78e3b51146cf,FALSE,,,24,8,1
00:00.0,,,,,,,,,,,,US,,,,FALSE,,,00:00.0,,2,54835,,,,,,,,,148,ea60fc24-3630-e311-8b1c-78e3b51146cf,FALSE,,,70,3,1
00:00.0,,,,,,,,,,,,USA,,,,FALSE,00:00.0,00:00.0,00:00.0,,7,200000,,,,TRUE,,,,,152,d50a6355-7836-e311-8b1c-78e3b51146cf,FALSE,,SF,44,2,1
00:00.0,,,,,,,,,,,,USA,,,,FALSE,00:00.0,00:00.0,00:00.0,,1,8295,,,,,,0.1,,,157,1e63da50-744d-e311-8b1c-78e3b51146cf,FALSE,,,58,2,1
00:00.0,,,,,,,,,,,,USA,,,,FALSE,,,00:00.0,,2,14908,,,,,,,,1800000,87,51662916-bc7a-e211-8b44-78e3b51146cf,FALSE,,,37,82,1
00:00.0,,,,,,,,,,,,US,,,,FALSE,00:00.0,00:00.0,00:00.0,,1,129079,,,,,,14.2,,,126,7e3b32c1-1ae0-e211-8b83-78e3b51146cf,FALSE,,,24,33,1
00:00.0,,,,,,,,,,,,US,,,,FALSE,00:00.0,00:00.0,00:00.0,,30,495516,,,,,,0.4,,85000000,111,fdbc79b5-4cc9-e211-8b9c-78e3b51146cf,FALSE,,,51,2,1
00:00.0,,,,,,,,,,,,US,,,,FALSE,00:00.0,00:00.0,00:00.0,,52,570000,,,,,,,,,92,8317db9a-0181-e211-8bd7-78e3b51146cf,FALSE,,,51,2,1
00:00.0,,,,,,,,,,,,US,,,31000,FALSE,00:00.0,00:00.0,00:00.0,,2,82455,,,33,,,3.4,,20350000,94,87b2ef2c-c582-e211-8bd7-78e3b51146cf,FALSE,,,58,2,1
00:00.0,,,,,,,,,,,,USA,,,,,00:00.0,,00:00.0,,1,7960,,,,,,,,,98,1cc86729-1e90-e211-8bd7-78e3b51146cf,,,,37,84,1
00:00.0,,,,,,,,,,,,US,,,66000,FALSE,00:00.0,00:00.0,00:00.0,22,3,28454,,,36,,,0.5,148,8400000,80,de1b3446-836a-e211-8c09-78e3b51146cf,FALSE,,SF,55,2,1
00:00.0,,,,,,,,,,,,US,,,,FALSE,00:00.0,00:00.0,00:00.0,,4,103000,,,,,,,,,134,50068fdd-de09-e311-8c30-78e3b51146cf,FALSE,,SF,51,76,1
00:00.0,15800,86,250,,,,,,,,,US,,,69000,FALSE,00:00.0,00:00.0,00:00.0,15,2,26100,,,42,,,0.6,740,,139,fe2b0575-a611-e311-8c30-78e3b51146cf,FALSE,,SF,55,3,1
00:00.0,,,,,,,,,,,,US,,,,FALSE,,,00:00.0,,,87910,,,,,,,,,10,808027e5-0014-e211-8b1a-78e3b511b601,FALSE,,SF,40,2,1
00:00.0,,,,,,,,,,,,USA,,,24000,FALSE,00:00.0,00:00.0,00:00.0,24,3,5980,,75,43,,,0.1,3,350000,12,ce8c7e57-0114-e211-8b1a-78e3b511b601,FALSE,,SF,37,2,1
00:00.0,,,,,,,,,,,,US,,,,FALSE,00:00.0,00:00.0,00:00.0,,3,29841,,,,,,0.9,,26346.19,17,4c73dc54-0214-e211-8b1a-78e3b511b601,FALSE,,SF,51,38,1
00:00.0,27000,50,600,,,,,,,,,US,,,275000,FALSE,00:00.0,00:00.0,00:00.0,51,2,34845,,84,33,,,2,30,11000000,24,aaed5a5f-0414-e211-8b1a-78e3b511b601,FALSE,,SF,37,56,1
00:00.0,,,,,,,,,,,,US,,,62000,FALSE,00:00.0,00:00.0,00:00.0,41,5,37490,,78,39,,,0.4,216029,,25,ee92e67b-0414-e211-8b1a-78e3b511b601,FALSE,,SF,58,2,1
00:00.0,48530,103,500,,,,,,,,,US,,,22760,FALSE,00:00.0,00:00.0,00:00.0,62,1,46000,,,34,,,3.5,104,,29,5ec66744-0614-e211-8b1a-78e3b511b601,FALSE,,SF,37,89,1
00:00.0,,,,,,,,,,,,US,,,,FALSE,00:00.0,00:00.0,00:00.0,31,2,29744,,80,,,,,,8492528,30,3e00e165-0614-e211-8b1a-78e3b511b601,FALSE,,,58,56,1
00:00.0,,,,,,,,,,,,US,,,24000,FALSE,00:00.0,00:00.0,00:00.0,26,1,16026,,83,31,,,0.7,184,6222395,36,f8b7def3-0714-e211-8b1a-78e3b511b601,FALSE,,SD,51,13,1
00:00.0,,,,,,,,,,,,US,,,,FALSE,,,00:00.0,,3,21159,,,,,,0.7,,,37,cecfcf18-0814-e211-8b1a-78e3b511b601,FALSE,,SF,51,90,1
00:00.0,,,,,,,,,,,,US,,,41000,FALSE,00:00.0,00:00.0,00:00.0,55,1,21218,,77,36,TRUE,,0.5,48,,39,0a122982-0814-e211-8b1a-78e3b511b601,FALSE,58,SF,24,2,1
00:00.0,,,,,,,,,,,,US,,,,FALSE,00:00.0,00:00.0,00:00.0,,1,544183,,,,,,42.4,,200000000,43,ccc2bcea-0814-e211-8b1a-78e3b511b601,FALSE,,,24,33,1
00:00.0,,,,,,,,,,,,US,,,17000,FALSE,00:00.0,,00:00.0,100,1,8481,,,31,,,1.6,,,44,7c478800-0914-e211-8b1a-78e3b511b601,FALSE,,,40,94,1
00:00.0,,,,,,,,,,,,US,,,,FALSE,00:00.0,00:00.0,00:00.0,,3,160775,,75,,,,7.8,,21500000,51,c2fbb1dc-0914-e211-8b1a-78e3b511b601,FALSE,,SF,40,44,1
00:00.0,,,,,,,,,,,,US,,,,FALSE,,,00:00.0,,2,30383,,,,,,,,,52,a88f34f5-0914-e211-8b1a-78e3b511b601,FALSE,,SF,51,95,1
00:00.0,,,,,,,,,,,,Guam,,,,TRUE,,,00:00.0,,2,30682,,,,,,0.6,,,90,c6ffaedf-c07b-e211-8c15-78e3b511b601,FALSE,,,51,97,
00:00.0,,7040,23100,,,,,,,,,US,,,3730000,FALSE,00:00.0,00:00.0,00:00.0,35,61,1591000,,,40,FALSE,,1.2,1500,1300000000,95,4aa073e6-8d8a-e211-8c2c-78e3b511b601,FALSE,,SF,24,2,1
00:00.0,,,,,,,,,,,,US,,,,FALSE,00:00.0,00:00.0,00:00.0,,5,112852,,,,,,0.8,,,96,e0f68191-8d8d-e211-8c2c-78e3b511b601,FALSE,,SF,40,38,1
00:00.0,,,,,,,,,,,,US,,,,FALSE,00:00.0,00:00.0,00:00.0,,1,4767,,,,,,,,,124,b54791b5-e1de-e211-8c41-78e3b511b601,FALSE,,,37,1,1
00:00.0,,,,,,,,,,,,USA,,,,FALSE,00:00.0,,00:00.0,,1,12200,,,,,,,,,110,8b1d60be-adc4-e211-8c54-78e3b511b601,FALSE,,,51,76,18
00:00.0,,,,,,,,,,,,US,,,,FALSE,00:00.0,00:00.0,00:00.0,,1,9693,,,,,,1.7,,6000000,119,075bb519-83d7-e211-8cf1-78e3b511b601,FALSE,,,37,99,1
00:00.0,64800,36,,,,,,,,,,US,,00:00.0,71000,FALSE,00:00.0,00:00.0,00:00.0,28,2,20734,,,38,,333300,1.3,60,8000000,78,b6443e6a-4a63-e211-8d2f-78e3b511b601,FALSE,,SF,40,29,1
00:00.0,,,,,,,,,,,,US,,,,FALSE,00:00.0,00:00.0,00:00.0,,,451995,,,,,,,,,79,eb726a5b-6463-e211-8d2f-78e3b511b601,FALSE,,SF,51,2,1
00:00.0,,,,,,,,,,,,US,,,,FALSE,,,00:00.0,,9,147704,,,,,,0.7,,,81,699117a0-f66e-e211-8d2f-78e3b511b601,FALSE,,,51,2,1
00:00.0,165000,290,1400,,,,,,,,,US,,,27000,FALSE,00:00.0,00:00.0,00:00.0,125,1,133764,,,21,,,9.9,16,,145,9f82d96e-2e2a-e311-b7e1-78e3b511b601,FALSE,,SF,37,100,1
00:00.0,,,,,,,,,,,,US,,,,FALSE,00:00.0,,00:00.0,,1,19173,,,,,,,,,303,91ab1450-d502-e611-810d-c4346bac0260,FALSE,70,SF,57,108,1
00:00.0,,,,,,,,,,,,US,,,,FALSE,00:00.0,,00:00.0,,,29000,,,,,,,,,265,44815110-f541-e511-80e5-c4346bacb92c,FALSE,24,,24,16,4
00:00.0,,,,,,,,,,,,US,,00:00.0,,FALSE,00:00.0,00:00.0,00:00.0,,1,6545,,,,TRUE,,,,,402,950a067a-7820-e711-80f8-e0071b66cf61,FALSE,70,SF,66,3,1
00:00.0,,,,,,,,,,,,US,,00:00.0,,FALSE,00:00.0,00:00.0,00:00.0,,,42000,,,,TRUE,,,,,0504-A-10806,617186ef-6e22-e811-8118-e0071b66cf61,FALSE,24,SF,84,2,1
00:00.0,,,,,,,,,,,,USA,,,,FALSE,00:00.0,00:00.0,,,21,575000,,,,FALSE,,,,,705,be2054dc-1559-ea11-a811-000d3a36886f,FALSE,37,SF,37,20,6
00:00.0,,,,,,,,,,,,,,,,FALSE,00:00.0,00:00.0,,,,30000,,,,FALSE,,,,,830,516a0f6d-1585-ea11-a812-000d3a36886f,FALSE,82,SF,82,26,1
00:00.0,,,,,,,,,,,90000000,USA,,,,FALSE,00:00.0,00:00.0,,,3,100000,,,,FALSE,,,,90000000,693,6740d7ec-0547-ea11-a812-000d3a368be7,FALSE,84,SF,84,29,1
00:00.0,,,,,,,,,,,,USA,,,,FALSE,00:00.0,00:00.0,,,2,29500,,,,TRUE,,,,,556,17c6a305-4cbc-e811-a95c-000d3a3780dd,FALSE,84,SF,84,33,1
00:00.0,,,,,,,,,,,2538000,,,,,FALSE,00:00.0,00:00.0,,,1,50760,,,,,,,,2538000,582,d01c3837-58fe-e811-a96a-000d3a37839b,FALSE,,SF,54,2,1
00:00.0,,,,,,,,,,,,,,,,FALSE,00:00.0,00:00.0,,,1,137408,,,,,,,,,587,7d2966cf-fa0a-e911-a964-000d3a37870e,FALSE,,SF,54,2,1
00:00.0,,,,,,,,,,,,US,,,,TRUE,,00:00.0,,,,237000,,,,FALSE,,,,,604,ccd63d71-ca45-e911-a96f-000d3a37870e,TRUE,67,SF,58,,
00:00.0,,,,,,,,,,,,USA,,,,FALSE,00:00.0,00:00.0,,,1,23473,,,,TRUE,,,,,562,8e0e7c77-10cc-e811-a960-000d3a378dd3,FALSE,84,SF,84,52,1
00:00.0,,,,,,,,,,,,USA,,,,FALSE,00:00.0,00:00.0,,,1,25047,,,,,,,,,563,ea37516a-1bcc-e811-a960-000d3a378dd3,FALSE,,SF,84,52,1
00:00.0,,,,,,,,,,,,US,,,,FALSE,00:00.0,00:00.0,,,1,19000,,,,TRUE,,,,,336,34bb665f-468b-e611-80ed-5065f38b4491,FALSE,37,SF,45,2,1
00:00.0,,,,,,,,,,,,USA,,,,FALSE,,00:00.0,,,,16000,,,,,,,,,343,db2d5be8-34b7-e611-80f4-5065f38b5171,FALSE,40,,46,10,1
00:00.0,,,,,,,,,,,,US,,,,FALSE,00:00.0,00:00.0,,,1,18719,,,,TRUE,,,,,348,f23e58e4-6fc1-e611-80f6-5065f38b5171,FALSE,58,SF,24,2,1
00:00.0,9000,31,690,,,,,,,,,,,00:00.0,11800,FALSE,,00:00.0,,50,,30200,,,35,,,,68,,357,6037ebea-64d8-e611-80f7-5065f38b5171,FALSE,,SF,24,67,1
00:00.0,,,,,,,,,,,,USA,,00:00.0,12200,FALSE,,00:00.0,,42,2,38500,,,41,,,,73,,358,c65acab6-67d8-e611-80f7-5065f38b5171,FALSE,,SF,24,2,1
00:00.0,,,,,,,,,,,,USA,,,,TRUE,00:00.0,00:00.0,,,5,140000,,,,TRUE,,,,,340,9f9d3205-8eab-e611-80f0-5065f38be0e1,FALSE,70,SF,24,2,1
00:00.0,,,,,,,,,,,34700000,USA,,,,FALSE,00:00.0,00:00.0,,,,270550,,,,TRUE,,,,,364,2fd2c871-e3dd-e611-80f7-5065f38be0e1,FALSE,37,SF,37,44,1
00:00.0,,,,,,,,,,,,USA,,,62300,TRUE,00:00.0,00:00.0,,,2,15000,,,41,,,,38,,195,49dc867f-c1ed-e311-aa44-6c3be5a6aa7c,FALSE,49,SF,55,2,1
00:00.0,,,,,,,,,,,,US,,,,FALSE,00:00.0,00:00.0,,,,664000,,,,FALSE,,,,,226,bc564b6c-3d9c-e411-98dc-6c3be5a8b8b0,FALSE,58,SF,58,2,1
00:00.0,,,,,,,,,,,,US,,,,FALSE,00:00.0,00:00.0,,,,1735000,,,,TRUE,,,,,0228-A-2454,8d36bfcb-61a2-e411-98dc-6c3be5a8b8b0,TRUE,70,SF,24,2,1
00:00.0,79000,880,4300,,,,,,,,,US,,,1021000,FALSE,00:00.0,00:00.0,,24,27,354503,,,41,,,0.4,580,215000000,107,10545be7-dba6-e211-8abd-78e3b51146cf,FALSE,,SF,24,2,1
00:00.0,,,,,,,,,,,,,,,,FALSE,00:00.0,00:00.0,,,15,283860,,,,TRUE,,,,14650,159,8ef003be-0f56-e311-8b1b-78e3b51146cf,FALSE,,SF,37,38,1
00:00.0,,,,,,,,,,,,,,,,,00:00.0,00:00.0,,,1,2440,,,,,,,,,101,8500f861-f690-e211-8bd7-78e3b51146cf,,,,,2,
00:00.0,390200,1100,5200,,,,,,,,,US,,,553000,FALSE,00:00.0,00:00.0,,80,2,225000,,94,50,,,3.3,12129,22000000,82,3f20e96d-1e6f-e211-8c09-78e3b51146cf,FALSE,,SF,24,2,1
00:00.0,,,,,,,,,,,,US,,,22000,FALSE,,00:00.0,,46,2,7018,,82,54,,,0.1,15,1600000,16,424a8827-0214-e211-8b1a-78e3b511b601,FALSE,,,24,2,1
00:00.0,,,,,,,,,,,,US,,,324000,FALSE,00:00.0,00:00.0,,49,2,69126,,98,42,,,4,1720,23200000,31,a8cd9e8b-0614-e211-8b1a-78e3b511b601,FALSE,,SF,37,54,1
00:00.0,,,,,,,,,,,,Japan,,00:00.0,,FALSE,,00:00.0,,,3,59552,,,,,,2.9,,,41,107e03c7-0814-e211-8b1a-78e3b511b601,FALSE,,SF,24,93,
00:00.0,,,,,,,,,,,,US,,,,FALSE,00:00.0,00:00.0,,,7,60986,,57,35,,,0.3,,10000,138,f11fac70-850e-e311-8db5-78e3b511b601,FALSE,,SF,58,2,1
00:00.0,,,,,,,,,,,,US,,,,FALSE,00:00.0,00:00.0,,,1,35000,,,,,,,,,259,46da3948-3e1c-e511-80da-c4346bac4b64,FALSE,,,58,111,1
00:00.0,,,,,,,,,,,,CA,,,,TRUE,00:00.0,00:00.0,,,2,523000,,,,FALSE,,2.3,,,257,7bd84ccd-1116-e511-80db-c4346bacb92c,FALSE,,SF,58,109,1
00:00.0,,,,,,,,,,,,US,,,,FALSE,00:00.0,00:00.0,,,,1500000,,,,FALSE,,,,,301,5f143860-9afa-e511-8109-c4346bacdbe8,FALSE,40,SF,44,8,1
00:00.0,,,,,,,,,,,,,,,,TRUE,00:00.0,00:00.0,,,8 floors office/ 2 floor fitness,242102,,,,FALSE,,,,,375,6cafe288-b8fe-e611-80f3-e0071b66cf61,TRUE,67,SF,58,10,1
00:00.0,,,,,,,,,,,,,,,,FALSE,00:00.0,00:00.0,,,,150000,,,,TRUE,,,,,393,f45c5bea-5f16-e711-80f8-e0071b66cf61,FALSE,66,SF,73,41,1
00:00.0,,,,,,,,,,,,US,,,,FALSE,,00:00.0,,,1,19173,,,,,,,,,484,b664fee6-d7fb-e711-8116-e0071b66cf61,FALSE,,SF,57,108,1
00:00.0,,,,,,,,,,,,,,00:00.0,,FALSE,00:00.0,00:00.0,,,,500000,,,,FALSE,,,,,497,1fd4f66b-9b15-e811-8116-e0071b66cf61,FALSE,,SF,84,54,1
00:00.0,,,,,,,,,,,6000000,US,,,,FALSE,00:00.0,00:00.0,,,,100000,,,,,,,,,378,5ac7e10a-8903-e711-80fa-e0071b6ad191,FALSE,70,SF,42,56,1
00:00.0,,,,,,,,,,,15000000,US,,,,FALSE,00:00.0,00:00.0,,,,75000,,,,,,,,,405,08dc0cc9-5725-e711-80fe-e0071b6ad191,FALSE,,DV,37,62,2
00:00.0,,,,,,,,,,,3560000,US,,,,FALSE,00:00.0,00:00.0,,,,8000,,,,,,,,,406,5d8b8794-fa25-e711-80ff-e0071b6ad191,FALSE,,SF,37,2,1
00:00.0,,,,,,,,,,,,,,,,FALSE,00:00.0,00:00.0,,,,172000,,,,TRUE,,,,,431,15397b78-6258-e711-8106-e0071b6ad191,FALSE,24,SF,55,2,10
00:00.0,,,,,,,,,,,10000000,USA,,,,FALSE,00:00.0,00:00.0,,,13,96884,,,,FALSE,,,,,450,f32e1a94-bb86-e711-810a-e0071b6ad191,FALSE,42,SF,70,2,1
00:00.0,,,,,,,,,,,,US,,,,TRUE,00:00.0,00:00.0,,,,388900,,,,FALSE,,,,,437,729dd5d1-fb67-e711-810b-e0071b715b91,TRUE,58,SF,58,131,7
00:00.0,,,,,,,,,,,,,,,,FALSE,00:00.0,00:00.0,,,,173180,,,,TRUE,,,,,443,36b18663-6879-e711-810c-e0071b715b91,FALSE,54,SF,55,2,1
00:00.0,,,,,,,,,,,,US,,,,TRUE,00:00.0,00:00.0,,,,349000,,,,FALSE,,,,,478,8c561fd8-ddde-e711-811a-e0071b715b91,FALSE,,SF,24,8,1
00:00.0,,,,,,,,,,,,,,,,TRUE,00:00.0,00:00.0,,,4,50000,,,,TRUE,,,,,489,1a603b6b-5d01-e811-812f-e0071b7458a1,FALSE,42,SF,42,49,1
00:00.0,,,,,,,,,,,,,,,,FALSE,00:00.0,00:00.0,,,,65000,,,,FALSE,,,,,498,0711a6e4-c015-e811-812f-e0071b7458a1,FALSE,42,SF,42,2,1
00:00.0,,,,,,,,,,,,,,,,FALSE,00:00.0,,,,,110240,,,,TRUE,,,,,540,ef3ce1f2-6976-e811-a955-000d3a378ca2,FALSE,,SF,55,2,1
00:00.0,,,,,,,,,,,,US,,,,FALSE,00:00.0,,,,2,20000,,,,FALSE,,,,,0597-A-10764,d964956a-452e-e911-a964-000d3a378ca2,FALSE,44,SF,44,8,1
00:00.0,,,,,,,,,,,34000000,US,,,,TRUE,00:00.0,,,,4,130000,,,,FALSE,,,,,342,3cd2f0c3-65ac-e611-80f1-5065f38b5171,FALSE,,SF,58,10,1
00:00.0,,,,,,,,,,,,US,,,,FALSE,00:00.0,,,,,50000,,,,TRUE,,,,,367,83ef8869-22e4-e611-80f8-5065f38be0e1,FALSE,64,DV,44,17,2
00:00.0,,,,,,,,,,,,,,,,FALSE,00:00.0,,,,2,27179,,,,,,,,,149,34ab8e53-a433-e311-8b1c-78e3b51146cf,FALSE,,SF,51,8,1
00:00.0,,,,,,,,,,,,US,,,,FALSE,00:00.0,,,,1,15000,,,,,,,,,313,487792ea-e93e-e611-8117-c4346bac0260,FALSE,70,SF,37,2,1
00:00.0,,,,,,,,,,,,,,,,FALSE,00:00.0,,,,,16000,,,,,,,,,411,812428a7-3c2c-e711-8105-e0071b715b91,FALSE,70,SF,55,,22
00:00.0,,,,,,,,,,,,,,,,FALSE,00:00.0,,,,,54850,,,,FALSE,,,,,499,fd8d46b7-e018-e811-812f-e0071b7458a1,FALSE,51,SF,45,,
00:00.0,,,,,,,,,,,,USA,,,,FALSE,,,,,28,402052,,,,TRUE,,0.7,,295450,2,6e952c12-fd13-e211-8b1a-78e3b511b601,FALSE,,SF,24,2,1
00:00.0,,,,,,,,,,,,USA,,,,FALSE,,,,,10,43148,,,,,,0.2,,53000,5,fe698a6a-ff13-e211-8b1a-78e3b511b601,FALSE,,SF,24,2,1
00:00.0,,,,,,,,,,,,US,,00:00.0,,FALSE,,,,,3,139780,,,,TRUE,,54535,,15000000,293,a3c6b253-c3ca-e511-80f9-c4346bacb92c,FALSE,37,SF,24,2,1
00:00.0,,,,,,,,,,,,USA,,,,FALSE,,,,,2,8000,,,,,,,,16600000,381,08ea0767-0d09-e711-80fe-e0071b715b91,FALSE,,SF,24,84,10
00:00.0,,,,,,,,,,,,USA,,,,FALSE,,,,,1,11000,,,,,,0.7,,,147,379d7769-952c-e311-8b1c-78e3b51146cf,FALSE,,SF,24,54,1
00:00.0,,,,,,,,,,,,US,,,,FALSE,,,,,1,26000,,,,,,5.9,,,115,6e809dd7-cdd2-e211-8b9c-78e3b51146cf,FALSE,,SF,51,8,1
00:00.0,,,,,,,,,,,,US,,,15000,FALSE,,,,11,1,9138,,97,31,,,1.6,952,,40,6c85ddb0-0814-e211-8b1a-78e3b511b601,FALSE,,,37,92,1
00:00.0,,,,,,,,,,,,USA,,,,FALSE,,,,,9,254620,,,,,,1.1,,,137,cf950d9e-820e-e311-8db5-78e3b511b601,FALSE,,SF,37,2,1
00:00.0,,,,,,,,,,,,US,,,,FALSE,,,,,1,10000,,,,TRUE,,374000,,,246,fcd7b91d-90f9-e411-965d-a45d36fc0a08,FALSE,37,,37,102,1
00:00.0,30000,135,180,,,,,,,,,,,00:00.0,,FALSE,,,,54,3,21000,,,,,50500,,,,359,093d97e6-69d8-e611-80f7-5065f38b5171,FALSE,,SF,37,2,1
00:00.0,6900000,12000,58300,,,,,,,,,USA,,,14627500,TRUE,,,,18,,2800000,,,73,,,,221400,,187,0529d3bf-dbcb-e311-8efd-6c3be5a8ca30,FALSE,,SF,24,76,1
00:00.0,45700,130,620,,,,,,,,,USA,,00:00.0,54000,FALSE,,,,105,2,24861,,,41,,157000,,130,,166,3837af7d-897c-e311-8b1b-78e3b51146cf,FALSE,,SF,24,2,1
00:00.0,30000,37,395,,,,,,,,13000000,US,,,,FALSE,,,,50,1,13500,,,,,140000,,,,274,0c0d88ba-2866-e511-80eb-c4346bacb92c,FALSE,49,SF,37,2,1
00:00.0,,37,,,,,,,,,,US,,,,FALSE,,,,36,,5000,,99,45,,,,,,276,ade8eee5-c376-e511-80f0-c4346bac0260,FALSE,,SF,66,104,14
00:00.0,,,,,,,,,,,,US,,00:00.0,54600,FALSE,,,,53,2,19000,,,41,,,,23,,243,8cb39326-aaea-e411-a607-6c3be5a8b8b0,FALSE,70,SF,44,2,1
00:00.0,,,,,,,,,,,,,,00:00.0,64100,FALSE,,,,31,4,51000,,,36,,,,43,,206,4e757cff-d618-e411-b762-6c3be5a8b8b0,FALSE,40,SF,58,2,1
00:00.0,,,,,,,,,,,,US,,00:00.0,84000,FALSE,,,,,2,150218,,,35,,,,116,,229,11201219-b9a5-e411-b301-6c3be5a6aa7c,FALSE,49,SF,37,2,1
00:00.0,,,,,,,,,,,,USA,,,,FALSE,,,,,13,96884,,,,FALSE,,,,,708,b4991680-bd59-ea11-a811-000d3a36886f,FALSE,,SF,54,2,1
00:00.0,,,,,,,,,,,,US,,,,TRUE,,,,,6,264000,,,,FALSE,,,,,0686-A-10093,bfa0b04b-c635-ea11-a813-000d3a368be7,FALSE,58,SF,58,19,9
00:00.0,,,,,,,,,,,,US,,,,FALSE,,,,,11,325000,,,,FALSE,,,,,0713-A-10713,ca81098d-995e-ea11-a811-000d3a36886f,FALSE,27,SF,58,22,7
00:00.0,,,,,,,,,,,,US,,,,FALSE,,,,,2,100103,,,,FALSE,,,,,715,9ca8f4d6-7d62-ea11-a811-000d3a36886f,FALSE,27,SF,27,23,1
00:00.0,,,,,,,,,,,,,,,,TRUE,,,,,8,350000,,,,FALSE,,,,,5,f17a5025-d1f1-e811-a965-000d3a37839b,TRUE,,SF,58,8,1
00:00.0,,,,,,,,,,,,US,,,,FALSE,,,,,7,72615,,,,TRUE,,,,,613,2ee0769f-2057-e911-a975-000d3a37839b,FALSE,81,SF,81,3,1
00:00.0,,,,,,,,,,,,,,,,FALSE,,,,,3,123000,,,,FALSE,,,,,523,81cbef69-f659-e811-a94e-000d3a37870e,FALSE,44,SF,44,8,1
00:00.0,,,,,,,,,,,,US,,,,FALSE,,,,,3,130000,,,,FALSE,,,,,0567-A-4318,daf11e32-3dce-e811-a960-000d3a37870e,FALSE,44,SF,44,8,1
00:00.0,,,,,,,,,,,,US,,,,FALSE,,,,,4,50000,,,,TRUE,,,,,0599-A-4318,94a6f048-f433-e911-a96a-000d3a37870e,FALSE,24,SF,24,44,1
00:00.0,,,,,,,,,,,,US,,,,FALSE,,,,,1,7500,,,,TRUE,,,,,627,d9c10bbf-c387-e911-a975-000d3a37870e,FALSE,70,SF,70,47,1
00:00.0,,,,,,,,,,,,,,,,FALSE,,,,,8,350000,,,,FALSE,,,,,525,7928c0e2-245a-e811-a94f-000d3a378ca2,FALSE,,SF,58,8,1
00:00.0,,,,,,,,,,,,US,,,,FALSE,,,,,3,53000,,,,TRUE,,,,,548,a2d4777e-a896-e811-a957-000d3a378ca2,FALSE,24,SF,51,2,1
00:00.0,,,,,,,,,,,,USA,,,,FALSE,,,,,2,36700,,,,TRUE,,,,,606,5ca2ffa3-6f46-e911-a96a-000d3a378ca2,FALSE,78,DV,44,51,2
00:00.0,,,,,,,,,,,,,,,,FALSE,,,,,4,30000,,,,,,,,,529,58f3a661-1068-e811-a954-000d3a378dd3,FALSE,,SF,72,3,1
00:00.0,,,,,,,,,,,,US,,,,FALSE,,,,,4 + 4 parking,138000,,,,TRUE,,,,,610,da556773-cb51-e911-a970-000d3a378dd3,FALSE,45,SF,45,54,1
00:00.0,,,,,,,,,,,,,,,,FALSE,,,,,1,15000,,,,TRUE,,,,,522,0db64267-1859-e811-a950-000d3a378f36,FALSE,51,SF,86,,
00:00.0,,,,,,,,,,,,USA,,,,FALSE,,,,,2,104615,,,,TRUE,,,,,316,60c51191-0d4d-e611-80e5-5065f38b4491,FALSE,64,SF,51,59,11
00:00.0,,,,,,,,,,,,USA,,,,FALSE,,,,,1,30000,,,,,,,,,320,ab853a9f-3b5b-e611-80e7-5065f38b4491,FALSE,37,SF,37,44,1
00:00.0,,,,,,,,,,,,,,00:00.0,,FALSE,,,,,4,100000,,,,TRUE,,,,,371,48527000-fbef-e611-80f9-5065f38b4491,FALSE,24,SF,24,6,1
00:00.0,,,,,,,,,,,,US,,,,FALSE,,,,,4,112000,,,,,,,,,220,15550441-226c-e411-8b85-6c3be5a6aa7c,FALSE,50,,51,2,1
00:00.0,,,,,,,,,,,,US,,,,TRUE,,,,,2,49266,,,,,,,,,247,b7a50860-0801-e511-925d-6c3be5a6aa7c,FALSE,37,,57,34,1
00:00.0,,,,,,,,,,,,US,,,,FALSE,,,,,1,4300,,,,,,,,,224,ffa173a2-147b-e411-957d-6c3be5a6aa7c,FALSE,37,SF,58,1,1
00:00.0,,,,,,,,,,,,USA,,,,FALSE,,,,,11,46800,,,,,,,,,180,097e632a-b8b9-e311-9fbb-6c3be5a6aa7c,FALSE,,SF,51,2,1
00:00.0,,,,,,,,,,,,USA,,,,FALSE,,,,,10,88000,,,,,,,,,188,4fe99377-3fcf-e311-a804-6c3be5a6aa7c,FALSE,,,70,2,1
00:00.0,,,,,,,,,,,,US,,,,FALSE,,,,,2,42000,,,,,,,,,241,5551e831-16de-e411-89ab-6c3be5a841e0,FALSE,70,,51,70,1
00:00.0,,,,,,,,,,,,US,,,,FALSE,,,,,1,15000,,,,,,,,,242,430e2cfb-1ade-e411-89ab-6c3be5a841e0,FALSE,54,SF,46,50,1
00:00.0,,,,,,,,,,,,US,,,,FALSE,,,,,3,25000,,,,FALSE,,,,,238,5bb1ab9a-18d3-e411-9210-6c3be5a841e0,FALSE,70,SF,37,10,1
00:00.0,,,,,,,,,,,,US,,,,FALSE,,,,,3,62253,,,,,,,,,222,61b15e3f-b871-e411-9c44-6c3be5a841e0,FALSE,40,SF,58,2,1
00:00.0,,,,,,,,,,,,,,,,FALSE,,,,,10,173269,,,,TRUE,,,,,210,cef98634-e244-e411-a896-6c3be5a841e0,TRUE,70,SF,73,34,1
00:00.0,,,,,,,,,,,,US,,,,FALSE,,,,,3,55695,,,,,,,,,215,f6a02de0-5356-e411-b300-6c3be5a841e0,FALSE,70,,58,2,1
00:00.0,,,,,,,,,,,,US,,,,FALSE,,,,,24,203369,,,,TRUE,,,,,75,d57e943a-545c-e211-8a15-78e3b51146cf,FALSE,,,24,79,17
00:00.0,,,,,,,,,,,,USA,,,,FALSE,,,,,6,56385,,,,,,,,,160,4d996736-1156-e311-8b1b-78e3b51146cf,FALSE,,SF,51,2,1
00:00.0,,,,,,,,,,,,USA,,,,FALSE,,,,,4,11500,,,,,,,,,161,4fa7472d-1356-e311-8b1b-78e3b51146cf,FALSE,,SF,51,2,1
00:00.0,,,,,,,,,,,,,,,,TRUE,,,,,1,8100,,,,,,,,,167,1718d0c7-ce82-e311-8b1b-78e3b51146cf,FALSE,,SF,51,2,1
00:00.0,,,,,,,,,,,,USA,,,,FALSE,,,,,48,571527,,,,,,,,,170,1f94efe0-5b90-e311-8b1b-78e3b51146cf,FALSE,,,51,2,1
00:00.0,,,,,,,,,,,,,,,,FALSE,,,,,3,66461,,,,,,,,,113,b7f42b60-2ecd-e211-8b9c-78e3b51146cf,FALSE,,SF,51,83,1
00:00.0,,,,,,,,,,,,Austria,,,,FALSE,,,,,5,174000,,,,,,,,,135,3d9ed6e9-3d0c-e311-8c30-78e3b51146cf,FALSE,,,51,85,
00:00.0,,,,,,,,,,,,US,,,,,,,,,1,6000,,,,,,,,,73,0991a0c1-3b5c-e211-8b98-78e3b511b601,,,,40,2,1
00:00.0,,,,,,,,,,,,US,,,,FALSE,,,,,10,247957,,,,,,,,,130,3a8a9fb0-2ef3-e211-8c1d-78e3b511b601,FALSE,,SF,51,2,1
00:00.0,,,,,,,,,,,,US,,,,FALSE,,,,,8,145423,,,,TRUE,,,,,141,88a52e2b-af19-e311-b7e1-78e3b511b601,FALSE,,,24,2,1
00:00.0,,,,,,,,,,,,US,,,,FALSE,,,,,13,160000,,,,TRUE,,,,,236,974c6514-85c6-e411-9d03-a45d36fc0a08,FALSE,,SF,37,2,1
00:00.0,,,,,,,,,,,,US,,,,FALSE,,,,,7,410000,,,,FALSE,,,,,298,43f083f6-f9db-e511-8104-c4346bac0260,TRUE,70,SF,24,107,1
00:00.0,,,,,,,,,,,,US,,,,FALSE,,,,,1,261000,,,,TRUE,,,,,291,7d5f8178-16c9-e511-80f6-c4346bac4b64,FALSE,37,SF,55,44,1
00:00.0,,,,,,,,,,,,US,,,,FALSE,,,,,1,8800,,,,,,,,,266,bca1115d-1642-e511-80e5-c4346bacb92c,FALSE,,,51,118,1
00:00.0,,,,,,,,,,,,US,,,,TRUE,,,,,4,50805,,,,TRUE,,,,,0288-A-10734,52cbeffa-f2b3-e511-80f7-c4346bacb92c,FALSE,54,SF,24,8,1
00:00.0,,,,,,,,,,,,US,,,,FALSE,,,,,2,970243,,,,,,,,,280,e5021fa3-b58c-e511-80f3-c4346bacdbe8,FALSE,51,,40,84,1
00:00.0,,,,,,,,,,,,,,,,FALSE,,,,,2,5400,,,,,,,,,425,bda44f7f-dd47-e711-80ff-e0071b66cf61,FALSE,,SF,55,30,1
00:00.0,,,,,,,,,,,,,,,,FALSE,,,,,1,9000,,,,TRUE,,,,,434,c22bc919-7262-e711-8101-e0071b66cf61,FALSE,51,SF,51,41,10
00:00.0,,,,,,,,,,,,US,,,,FALSE,,,,,1,19600,,,,TRUE,,,,,506,b9e66d9f-da23-e811-8119-e0071b66cf61,FALSE,49,SF,84,44,1
00:00.0,,,,,,,,,,,,,,,,FALSE,,,,,1,176586,,,,TRUE,,,,,513,c43244ed-3938-e811-811c-e0071b66cf61,FALSE,64,DV,44,128,2
00:00.0,,,,,,,,,,,,,,,,TRUE,,,,,4,129154,,,,FALSE,,,,,399,ab63df3d-411e-e711-8102-e0071b715b91,TRUE,58,SF,58,,
00:00.0,,,,,,,,,,,,,,,,FALSE,,,,,7,153000,,,,FALSE,,,,,454,4eb66383-d18c-e711-810f-e0071b715b91,FALSE,,SF,24,41,10
00:00.0,,,,,,,,,,,,USA,,,,TRUE,,,,,1,15250,,,,FALSE,,,,,491,65848c94-a506-e811-811d-e0071b715b91,FALSE,,SF,58,10,1
00:00.0,,,,,,,,,,,,,,,,FALSE,,,,,1,5241,,,,TRUE,,,,,427,cc95ec39-d54a-e711-811b-e0071b7458a1,FALSE,37,SF,55,30,10
00:00.0,,,,,,,,,,,,USA,,00:00.0,,TRUE,,,,,2,130000,,,,FALSE,,,,,433,2ea2f2b1-6a62-e711-811c-e0071b7458a1,TRUE,58,SF,58,10,1
00:00.0,,,,,,,,,,,,,,,,TRUE,,,,,1,10000,,,,FALSE,,,,,492,184f0889-8207-e811-812f-e0071b7458a1,FALSE,,SF,58,10,1
00:00.0,,,,,,,,,,,,,,,,TRUE,,,,,2,950000,,,,FALSE,,,,,511,25a09443-7b33-e811-8135-e0071b7458a1,FALSE,58,SF,58,,3
00:00.0,,,,,,,,,,,,,,,,FALSE,,,,,2,950000,,,,FALSE,,,,,516,b1f8d188-b444-e811-8136-e0071b7458a1,FALSE,58,SF,58,133,24
00:00.0,,,,,,,,,,,,USA,,00:00.0,,FALSE,,,,,,277256,,,,TRUE,,,,,202,e149ccfc-8e0b-e411-b2a1-6c3be5a8b8b0,FALSE,,SF,55,2,1
00:00.0,,,,,,,,,,,,,,,,FALSE,,,,,,50902,,,,TRUE,,,,,490,2af71733-fc01-e811-812f-e0071b7458a1,FALSE,45,SF,81,2,1
00:00.0,,,,,,,,,,,,US,,,,FALSE,,,,,,8000,,75,,,,,,,61,2708d6d8-6c28-e211-8d52-78e3b51146cf,FALSE,,SF,51,86,
00:00.0,,,,,,,,,,,,US,,,,TRUE,,,,,,19000,,,,FALSE,,,,,0662-A-9635,fdc6aac6-9917-ea11-a811-000d3a36880e,TRUE,58,SF,58,10,1
00:00.0,,,,,,,,,,,,US,,,,TRUE,,,,,,50000,,,,FALSE,,,,,0663-A-9619,ebd3a621-9c17-ea11-a811-000d3a36880e,TRUE,58,SF,58,11,3
00:00.0,,,,,,,,,,,,US,,,,TRUE,,,,,,52000,,,,FALSE,,,,,868,68e90fae-8bab-ea11-a812-000d3a36886f,TRUE,27,SF,27,23,1
00:00.0,,,,,,,,,,,,US,,,,TRUE,,,,,,115212,,,,FALSE,,,,,554,02035284-93b0-e811-a95c-000d3a3780dd,TRUE,58,SF,58,23,1
00:00.0,,,,,,,,,,,,US,,,,TRUE,,,,,,650690,,,,FALSE,,,,,572,1c52fde8-2bdd-e811-a962-000d3a3780dd,TRUE,58,SF,58,2,1
00:00.0,,,,,,,,,,,,US,,,,TRUE,,,,,,165202,,,,FALSE,,,,,0614-A-10706,6c52e297-1b5a-e911-a975-000d3a37839b,TRUE,58,SF,58,,7
00:00.0,,,,,,,,,,,,US,,,,TRUE,,,,,,201994,,,,FALSE,,,,,0615-A-9734,abff082e-1d5a-e911-a975-000d3a37839b,TRUE,58,SF,58,,7
00:00.0,,,,,,,,,,,,US,,,,TRUE,,,,,,262000,,,,FALSE,,,,,568,759b3dee-63d1-e811-a960-000d3a37870e,TRUE,58,SF,58,35,1
00:00.0,,,,,,,,,,,,US,,,,TRUE,,,,,,478224,,,,FALSE,,,,,0629-A-10726,8fc5ae9d-b38b-e911-a975-000d3a37870e,TRUE,58,SF,58,48,12
00:00.0,,,,,,,,,,,,,,,,TRUE,,,,,,320000,,,,,,,,,235,19301bc1-c4b7-e411-ab49-6c3be5a6aa7c,TRUE,49,SF,24,,
00:00.0,,,,,,,,,,,,,,,,FALSE,,,,,,107918,,,,,,,,,184,65ac9ff5-98c5-e311-aa0f-6c3be5a841e0,TRUE,,,51,2,1
00:00.0,,,,,,,,,,,,,,,,FALSE,,,,,,45000,,,,,,,,,150,020870ff-7534-e311-8b1c-78e3b51146cf,TRUE,,,24,,
00:00.0,,,,,,,,,,,,USA,,,,,,,,,,32100,,,,,,,,,105,67b6f3a3-159b-e211-898f-78e3b511b601,,,,40,2,1
00:00.0,,,,,,,,,,,,USA,,,,,,,,,,37088,,,,,,,,,108,f0a68f0f-e7a6-e211-8a96-78e3b511b601,,,,51,2,1
00:00.0,,,,,,,,,,,,USA,,,,,,,,,,75000,,,,,,,,,7,0a4c6e0e-0014-e211-8b1a-78e3b511b601,,,,24,39,1
00:00.0,,,,,,,,,,,,,,,,,,,,,,41318,,,,,,,,,11,0829a020-0114-e211-8b1a-78e3b511b601,,,,,2,1
00:00.0,,,,,,,,,,,,,,,,,,,,,,30000,,,,,,,,,15,f424130c-0214-e211-8b1a-78e3b511b601,,,,70,,
00:00.0,,,,,,,,,,,,USA,,,,,,,,,,8919,,,,,,,,,18,1eaa0070-0214-e211-8b1a-78e3b511b601,,,,,62,2
00:00.0,,,,,,,,,,,,US,,,,,,,,,,7500,,,,,,,,,28,caec4722-0614-e211-8b1a-78e3b511b601,,,,,2,1
00:00.0,,,,,,,,,,,,,,,,,,,,,,13813,,,,,,,,,32,82c3f9d0-0614-e211-8b1a-78e3b511b601,,,,,,
00:00.0,,,,,,,,,,,,,,,,,,,,,,97800,,,,,,,,,35,aa13189e-0714-e211-8b1a-78e3b511b601,,,,40,,
00:00.0,,,,,,,,,,,,,,,,,,,,,,14010,,,,,,,,,38,7b216761-0814-e211-8b1a-78e3b511b601,,,,,91,
00:00.0,,,,,,,,,,,,,,,,,,,,,,3534,,,,,,,,,45,2a5fd329-0914-e211-8b1a-78e3b511b601,,,,24,,
00:00.0,,,,,,,,,,,,,,,,,,,,,,14000,,,,,,,,,47,1accb073-0914-e211-8b1a-78e3b511b601,,,,,33,
00:00.0,,,,,,,,,,,,,,,,,,,,,,6932,,,,,,,,,48,c851528c-0914-e211-8b1a-78e3b511b601,,,,,56,
00:00.0,,,,,,,,,,,,,,,,FALSE,,,,,,98096,,,,,,,,,49,029118b1-0914-e211-8b1a-78e3b511b601,TRUE,,,37,2,1
00:00.0,,,,,,,,,,,,US,,,,FALSE,,,,,,2700000,,,,,,,,,50,38e27fc8-0914-e211-8b1a-78e3b511b601,TRUE,,,70,5,1
00:00.0,,,,,,,,,,,,,,,,,,,,,,21357,,,,,,,,,54,a4510c47-0a14-e211-8b1a-78e3b511b601,,,,,2,1
00:00.0,,,,,,,,,,,,,,,,FALSE,,,,,,4800,,,,,,,,,55,06232278-0a14-e211-8b1a-78e3b511b601,TRUE,,SF,24,,
00:00.0,,,,,,,,,,,,,,,,,,,,,,29744,,,,,,,,,114,71e47b1c-fdcd-e211-8c54-78e3b511b601,,,,40,2,1
00:00.0,,,,,,,,,,,,,,,,,,,,,,7046,,,,,,,,,116,2eefd40b-42d5-e211-8cf1-78e3b511b601,,,,37,98,8
00:00.0,,,,,,,,,,,,US,,,,FALSE,,,,,,22000,,,,,,,,,260,660fe5f5-951e-e511-80da-c4346bac4b64,TRUE,,SF,51,112,11
00:00.0,,,,,,,,,,,,US,,,,FALSE,,,,,,29400,,,,TRUE,,,,,273,990dc083-bb60-e511-80eb-c4346bacdbe8,TRUE,37,SF,37,2,1
00:00.0,,,,,,,,,,,,USA,,,,TRUE,,,,,,403986,,,,FALSE,,,,,462,e4cc5c12-02aa-e711-810d-e0071b6ad191,TRUE,67,SF,58,2,1
00:00.0,,,,,,,,,,,,US,,,,TRUE,,,,,,58000,,,,FALSE,,,,,473,c9b862da-9dd3-e711-8115-e0071b6ad191,TRUE,67,SF,58,10,1
00:00.0,,,,,,,,,,,,US,,,,TRUE,,,,,,55000,,,,FALSE,,,,,400,d4304ebb-471e-e711-8102-e0071b715b91,TRUE,58,SF,58,10,1
00:00.0,,,,,,,,,,,,,,,,TRUE,,,,,,500000,,,,FALSE,,,,,519,689fccb5-4d4e-e811-813b-e0071b7458a1,TRUE,,SF,58,,
00:00.0,,,,,,,,,,,,US,,,,FALSE,,,,,,19318,,,,FALSE,,,,,678,1fb50deb-b731-ea11-a810-000d3a36857d,FALSE,,SF,37,1,1
00:00.0,,,,,,,,,,,,US,,,,FALSE,,,,,,180000,,,,TRUE,,,,,653,9cff7088-75f4-e911-a813-000d3a36857d,FALSE,24,SF,24,2,1
00:00.0,,,,,,,,,,,,US,,,,FALSE,,,,,,90000,,,,,,,,,668,600884ce-9a1b-ea11-a811-000d3a36880e,FALSE,24,SF,24,2,1
00:00.0,,,,,,,,,,,,US,,,,FALSE,,,,,,80000,,,,FALSE,,,,,679,f68e911d-c731-ea11-a810-000d3a36880e,FALSE,84,SF,84,2,1
00:00.0,,,,,,,,,,,,US,,,,FALSE,,,,,,42000,,,,FALSE,,,,,825,eb395345-5880-ea11-a812-000d3a36886f,FALSE,81,SF,81,2,1
00:00.0,,,,,,,,,,,,US,,,,FALSE,,,,,,37641,,,,FALSE,,,,,0722-A-10796,ec250b5b-c673-ea11-a811-000d3a36886f,FALSE,82,SF,82,2,1
00:00.0,,,,,,,,,,,,US,,,,FALSE,,,,,,60000,,,,FALSE,,,,,0829-A-10839,e8543939-4984-ea11-a812-000d3a36886f,FALSE,24,SF,24,2,1
00:00.0,,,,,,,,,,,,US,,,,FALSE,,,,,,45000,,,,FALSE,,,,,871,491fc30e-d1b5-ea11-a812-000d3a36886f,FALSE,84,SF,84,2,1
00:00.0,,,,,,,,,,,,US,,,,FALSE,,,,,,7000,,,,FALSE,,,,,655,0a3f9ad6-e0f6-e911-a813-000d3a36886f,FALSE,37,SF,37,2,1
00:00.0,,,,,,,,,,,,US,,,,FALSE,,,,,,10980,,,,TRUE,,,,,557,d9875325-ccc1-e811-a95c-000d3a3780dd,FALSE,45,SF,45,2,1
00:00.0,,,,,,,,,,,,US,,,,FALSE,,,,,,500000,,,,FALSE,,,,,0702-A-10050,884610a7-0f59-ea11-a811-000d3a36886f,FALSE,24,SF,24,3,1
00:00.0,,,,,,,,,,,,USA,,,,FALSE,,,,,,245000,,,,FALSE,,,,,869,11ee62dd-efb0-ea11-a812-000d3a36886f,FALSE,49,SF,,3,1
00:00.0,,,,,,,,,,,,US,,,,FALSE,,,,,,50000,,,,FALSE,,,,,878,114aaee6-bbc7-ea11-a812-000d3a36886f,FALSE,24,SF,24,3,1
00:00.0,,,,,,,,,,,,AUS,,,,TRUE,,,,,,309301,,,,FALSE,,,,,677,6df907f7-df22-ea11-a810-000d3a36880e,FALSE,84,SF,84,4,
00:00.0,,,,,,,,,,,,US,,,,FALSE,,,,,,21000,,,,FALSE,,,,,0681-A-9396,49ddf789-9b32-ea11-a810-000d3a36880e,FALSE,84,SF,84,5,1
00:00.0,,,,,,,,,,,,,,,,FALSE,,,,,,50000,,,,FALSE,,,,,714,ffe6caf7-2a62-ea11-a811-000d3a36880e,FALSE,,SF,21,,
00:00.0,,,,,,,,,,,,US,,,,FALSE,,,,,,961927,,,,FALSE,,,,,725,eaa223b2-097e-ea11-a812-000d3a36886f,FALSE,27,SF,27,,
00:00.0,,,,,,,,,,,,US,,,,FALSE,,,,,,7500,,,,FALSE,,,,,676,b04b7c27-7f20-ea11-a810-000d3a36880e,FALSE,44,SF,44,,
00:00.0,,,,,,,,,,,,US,,,,FALSE,,,,,,70000,,,,FALSE,,,,,0703-A-10337,e469a11d-1159-ea11-a811-000d3a36886f,FALSE,44,DV,44,,
00:00.0,,,,,,,,,,,,,,,,FALSE,,,,,,350000,,,,FALSE,,,,,870,47f139ce-b0b1-ea11-a812-000d3a36886f,FALSE,,DV,,,
00:00.0,,,,,,,,,,,,,,,,FALSE,,,,,,7500,,,,FALSE,,,,,674,34161cd5-3020-ea11-a810-000d3a368be7,FALSE,,SF,,,
00:00.0,,,,,,,,,,,,,,,,FALSE,,,,,,2400,,,,FALSE,,,,,680,a5bc8bbf-2a32-ea11-a810-000d3a368e62,FALSE,,SF,54,,
00:00.0,,,,,,,,,,,,US,,,,FALSE,,,,,,150000,,,,TRUE,,,,,0657-A-9624,6dc9f6b3-cc05-ea11-a811-000d3a36880e,FALSE,24,SF,24,6,1
00:00.0,,,,,,,,,,,,US,,,,FALSE,,,,,,198000,,,,FALSE,,,,,865,e0133d36-eea1-ea11-a812-000d3a36886f,FALSE,20,SF,20,6,1
00:00.0,,,,,,,,,,,,US,,,,FALSE,,,,,,222000,,,,FALSE,,,,,877,07942e4a-1cc7-ea11-a812-000d3a36886f,FALSE,81,SF,81,6,1
00:00.0,,,,,,,,,,,,US,,,,FALSE,,,,,,40000,,,,TRUE,,,,,0660-A-9593,82678f03-8310-ea11-a811-000d3a36880e,FALSE,,SF,24,8,1
00:00.0,,,,,,,,,,,,US,,,,FALSE,,,,,,123595,,,,FALSE,,,,,0716-A-10610,7e4131c7-4d63-ea11-a811-000d3a36886f,FALSE,84,SF,84,8,1
00:00.0,,,,,,,,,,,,US,,,,FALSE,,,,,,40000,,,,FALSE,,,,,720,e2c1e935-fb72-ea11-a811-000d3a36886f,FALSE,5,SF,89,10,1
00:00.0,,,,,,,,,,,,USA,,,,FALSE,,,,,,14667,,,,,,,,,671,1775ab2f-3c1d-ea11-a811-000d3a36886f,FALSE,84,SF,21,13,1
00:00.0,,,,,,,,,,,,US,,,,FALSE,,,,,,15000,,,,TRUE,,,,,669,05c683a8-a31b-ea11-a811-000d3a36880e,FALSE,84,SF,84,13,1
00:00.0,,,,,,,,,,,,,,,,FALSE,,,,,,74000,,,,FALSE,,,,,0719-A-10469,8fe1fa68-d16e-ea11-a811-000d3a36880e,FALSE,,DV,,15,4
00:00.0,,,,,,,,,,,,US,,,,TRUE,,,,,,25000,,,,TRUE,,,,,699,a023ac63-cb52-ea11-a812-000d3a36880e,FALSE,44,DV,44,17,2
00:00.0,,,,,,,,,,,,US,,,,FALSE,,,,,,121234,,,,FALSE,,,,,0697-A-9969,d84c11a3-854c-ea11-a812-000d3a368be7,FALSE,20,DV,20,17,2
00:00.0,,,,,,,,,,,,US,,,,FALSE,,,,,,71200,,,,FALSE,,,,,0698-A-9896,6bf59138-884c-ea11-a812-000d3a368be7,FALSE,20,DV,20,17,2
00:00.0,,,,,,,,,,,,US,,,,FALSE,,,,,,25000,,,,FALSE,,,,,0706-A-9804,aa5069c9-1a59-ea11-a811-000d3a36886f,FALSE,44,DV,44,21,6
00:00.0,,,,,,,,,,,,US,,,,FALSE,,,,,,59866,,,,FALSE,,,,,0726-A-10585,9088496b-8e7e-ea11-a812-000d3a36886f,FALSE,73,SF,73,24,1
00:00.0,,,,,,,,,,,,US,,,,FALSE,,,,,,221565,,,,FALSE,,,,,832,c3f44ea6-6686-ea11-a812-000d3a36886f,FALSE,20,DV,20,27,1
00:00.0,,,,,,,,,,,,US,,,,FALSE,,,,,,87000,,,,FALSE,,,,,0688-A-9957,eb1e6c76-7f41-ea11-a812-000d3a368be7,FALSE,20,DV,20,28,2
00:00.0,,,,,,,,,,,,US,,,,FALSE,,,,,,207890,,,,FALSE,,,,,696,4aeda5f4-824c-ea11-a812-000d3a368be7,FALSE,20,DV,20,31,8
00:00.0,,,,,,,,,,,,US,,,,TRUE,,,,,,678000,,,,FALSE,,,,,555,b6d22a3c-33b1-e811-a95c-000d3a3780dd,FALSE,67,SF,58,32,7
00:00.0,,,,,,,,,,,,,,,,FALSE,,,,,,7000,,,,FALSE,,,,,591,a1a0f11a-5117-e911-a966-000d3a3780dd,FALSE,54,SF,54,,
00:00.0,,,,,,,,,,,,,,,,FALSE,,,,,,25500,,,,,,,,,536,05964c96-2073-e811-a956-000d3a37839b,FALSE,,SF,67,,
00:00.0,,,,,,,,,,,,,,,,FALSE,,,,,,196686,,,,FALSE,,,,,538,9c4b723b-2c73-e811-a956-000d3a37839b,FALSE,,DV,44,,
00:00.0,,,,,,,,,,,,US,,,,FALSE,,,,,,20000,,,,TRUE,,,,,546,9bd1d6c4-c98e-e811-a958-000d3a37839b,FALSE,24,SF,81,2,1
00:00.0,,,,,,,,,,,,US,,,,FALSE,,,,,,219981,,,,FALSE,,,,,552,0526366b-7fa5-e811-a95a-000d3a37839b,FALSE,24,SF,24,2,1
00:00.0,,,,,,,,,,,,US,,,,FALSE,,,,,,30000,,,,FALSE,,,,,580,742408d3-84f9-e811-a966-000d3a37839b,FALSE,24,SF,24,2,1
00:00.0,,,,,,,,,,,,US,,,,FALSE,,,,,,14500000,,,,,,,,,0616-A-4318,35489cbf-205a-e911-a975-000d3a37839b,FALSE,72,SF,72,36,1
00:00.0,,,,,,,,,,,,US,,,,FALSE,,,,,,8000,,,,,,,,,617,771e0654-265a-e911-a975-000d3a37839b,FALSE,24,SF,24,2,1
00:00.0,,,,,,,,,,,,Ireland,,,,FALSE,,,,,,522000,,,,FALSE,,,,,0618-A-9743,cc005a4e-275a-e911-a975-000d3a37839b,FALSE,24,SF,24,37,
00:00.0,,,,,,,,,,,,US,,,,FALSE,,,,,,401298,,,,FALSE,,,,,619,0751de70-3b65-e911-a975-000d3a37839b,FALSE,24,SF,24,38,1
00:00.0,,,,,,,,,,,,USA,,,,FALSE,,,,,,15000,,,,TRUE,,,,,620,b0129ace-af66-e911-a975-000d3a37839b,FALSE,82,SF,82,2,1
00:00.0,,,,,,,,,,,,,,,,FALSE,,,,,,21685,,,,FALSE,,,,,524,58bcb0bc-fa59-e811-a94e-000d3a37870e,FALSE,70,SF,55,2,1
00:00.0,,,,,,,,,,,,,,,,FALSE,,,,,,100543,,,,,,,,,527,46e5d431-245d-e811-a94f-000d3a37870e,FALSE,,SF,54,3,10
00:00.0,,,,,,,,,,,,US,,,,FALSE,,,,,,23071,,,,TRUE,,,,,560,afdb911e-31c8-e811-a960-000d3a37870e,FALSE,24,SF,24,2,1
00:00.0,,,,,,,,,,,,US,,,,FALSE,,,,,,33000,,,,TRUE,,,,,565,8a034968-e3cc-e811-a960-000d3a37870e,FALSE,24,SF,24,38,1
00:00.0,,,,,,,,,,,,US,,,,FALSE,,,,,,30000,,,,,,,,,566,48c0e5d8-9acd-e811-a960-000d3a37870e,FALSE,84,SF,,43,11
00:00.0,,,,,,,,,,,,US,,,,FALSE,,,,,,115000,,,,FALSE,,,,,590,6ebdc42f-8c14-e911-a966-000d3a37870e,FALSE,51,SF,51,3,1
00:00.0,,,,,,,,,,,,US,,,,FALSE,,,,,,571527,,,,FALSE,,,,,601,3b391f23-8b35-e911-a96a-000d3a37870e,FALSE,51,SF,51,2,1
00:00.0,,,,,,,,,,,,US,,,,FALSE,,,,,,11200,,,,TRUE,,,,,628,285c8bb6-a488-e911-a975-000d3a37870e,FALSE,37,SF,39,39,1
00:00.0,,,,,,,,,,,,US,,,,FALSE,,,,,,186500,,,,TRUE,,,,,0630-A-9562,1000c7d0-2691-e911-a975-000d3a37870e,FALSE,24,SF,44,44,1
00:00.0,,,,,,,,,,,,US,,,,FALSE,,,,,,771301,,,,FALSE,,,,,570,1e74ca86-3bd6-e811-a95e-000d3a378ca2,FALSE,58,SF,58,14,1
00:00.0,,,,,,,,,,,,US,,,,FALSE,,,,,,39263,,,,,,,,,0594-A-10086,93d1ebee-f418-e911-a964-000d3a378ca2,FALSE,51,SF,24,2,1
00:00.0,,,,,,,,,,,,US,,,,FALSE,,,,,,300000,,,,FALSE,,,,,596,826c9988-f428-e911-a964-000d3a378ca2,FALSE,24,SF,24,50,1
00:00.0,,,,,,,,,,,,,,,,FALSE,,,,,,4000,,,,,,,,,576,eaad77a0-d7f1-e811-a962-000d3a378dd3,FALSE,,SF,37,2,1
00:00.0,,,,,,,,,,,,US,,,,FALSE,,,,,,20000,,,,TRUE,,,,,0583-A-9577,d6f273e8-e702-e911-a964-000d3a378dd3,FALSE,24,SF,24,8,1
00:00.0,,,,,,,,,,,,US,,,,FALSE,,,,,,522720,,,,FALSE,,,,,607,740621fb-8c4b-e911-a970-000d3a378dd3,FALSE,44,SF,44,53,1
00:00.0,,,,,,,,,,,,US,,,,TRUE,,,,,,505000,,,,FALSE,,,,,0608-A-4318,8f005310-ee4f-e911-a970-000d3a378dd3,FALSE,24,SF,24,16,4
00:00.0,,,,,,,,,,,,,,,,FALSE,,,,,,140000,,,,,,,,,631,77ccfdc0-89a2-e911-a978-000d3a378dd3,FALSE,,DV,44,55,13
00:00.0,,,,,,,,,,,,US,,,,FALSE,,,,,,100000,,,,,,,,,646,3f32d4d0-e3de-e911-a98e-000d3a378dd3,FALSE,24,SF,24,2,1
00:00.0,,,,,,,,,,,,US,,,,FALSE,,,,,,50000,,,,FALSE,,,,,0648-A-4318,b165cd47-c1e4-e911-a98f-000d3a378dd3,FALSE,24,SF,24,2,1
00:00.0,,,,,,,,,,,,US,,,,FALSE,,,,,,80000,,,,TRUE,,,,,649,24b8b882-f7e6-e911-a98f-000d3a378dd3,FALSE,20,DV,20,,2
00:00.0,,,,,,,,,,,,US,,,,FALSE,,,,,,212000,,,,FALSE,,,,,0652-A-4318,4629f52d-91f0-e911-a992-000d3a378dd3,FALSE,44,DV,44,51,4
00:00.0,,,,,,,,,,,,,,,,FALSE,,,,,,290000,,,,FALSE,,,,,533,7832c0db-ad6d-e811-a956-000d3a378f36,FALSE,,SF,54,2,1
00:00.0,,,,,,,,,,,,USA,,,,FALSE,,,,,,14667,,,,TRUE,,,,,598,ca7d377e-7431-e911-a96b-000d3a378f36,FALSE,84,SF,84,13,1
00:00.0,,,,,,,,,,,,US,,,,FALSE,,,,,,750000,,,,TRUE,,,,,0636-A-4318,267a18b4-a5b7-e911-a97e-000d3a378f36,FALSE,70,SF,70,56,1
00:00.0,,,,,,,,,,,,US,,,,FALSE,,,,,,130000,,,,TRUE,,,,,639,faa40a41-35be-e911-a97f-000d3a378f36,FALSE,44,DV,44,17,2
00:00.0,,,,,,,,,,,,,,,,FALSE,,,,,,169199,,,,TRUE,,,,,349,742805e6-0ec3-e611-80f9-5065f38afa01,FALSE,58,SF,57,40,1
00:00.0,,,,,,,,,,,,,,,,FALSE,,,,,,320000,,,,TRUE,,,,,350,30fb6cd5-c2c3-e611-80f9-5065f38afa01,FALSE,70,SF,51,58,1
00:00.0,,,,,,,,,,,,USA,,,,FALSE,,,,,,57075,,,,,,,,,352,a438f3fe-5ccd-e611-80fa-5065f38afa01,FALSE,50,SF,24,2,1
00:00.0,,,,,,,,,,,,,,,,FALSE,,,,,,5000,,,,,,,,,353,5f3cf8fe-61cd-e611-80fa-5065f38afa01,FALSE,70,SF,46,56,1
00:00.0,,,,,,,,,,,,USA,,,,FALSE,,,,,,28332,,,,TRUE,,,,,325,64fa5218-1f6f-e611-80ea-5065f38b4491,FALSE,70,SF,24,2,1
00:00.0,,,,,,,,,,,,USA,,,,TRUE,,,,,,1500000,,,,,,,,,334,bc13d4dd-0885-e611-80ed-5065f38b4491,FALSE,64,DV,24,62,2
00:00.0,,,,,,,,,,,,USA,,,,FALSE,,,,,,381000,,,,TRUE,,,,,345,bc895bac-16bc-e611-80f5-5065f38b4491,FALSE,55,SF,81,63,1
00:00.0,,,,,,,,,,,,USA,,,,FALSE,,,,,,318000,,,,,,,,,346,669c66a9-75bd-e611-80f5-5065f38b4491,FALSE,70,SF,40,64,1
00:00.0,,,,,,,,,,,,USA,,,,FALSE,,,,,,3500,,,,FALSE,,,,,318,fff343f1-1854-e611-80e5-5065f38b5171,FALSE,70,SF,51,2,1
00:00.0,,,,,,,,,,,,,,,,FALSE,,,,,,2000,,,,,,,,,321,12eb590e-e663-e611-80e7-5065f38b5171,FALSE,64,DV,69,62,2
00:00.0,,,,,,,,,,,,Napa,,,,FALSE,,,,,,30000,,,,,,,,,344,51ab03cc-51b7-e611-80f4-5065f38b5171,FALSE,70,,37,66,1
00:00.0,,,,,,,,,,,,,,,,FALSE,,,,,,8525,,,,,,,,,368,fe24ea49-01e7-e611-80f9-5065f38b5171,FALSE,49,SF,66,39,1
00:00.0,,,,,,,,,,,,USA,,,,FALSE,,,,,,173270,,,,,,,,,337,985058f7-5e92-e611-80ec-5065f38be0e1,FALSE,50,SF,24,34,1
00:00.0,,,,,,,,,,,,USA,,,,FALSE,,,,,,2700,,,,,,,,,338,89403669-d3aa-e611-80f0-5065f38be0e1,FALSE,,SF,24,3,1
00:00.0,,,,,,,,,,,,USA,,,,FALSE,,,,,,5000,,,,,,,,,339,2cd5732f-80ab-e611-80f0-5065f38be0e1,FALSE,64,DV,70,62,2
00:00.0,,,,,,,,,,,,,,,,FALSE,,,,,,750000,,,,,,,,,366,d09061da-92de-e611-80f7-5065f38be0e1,FALSE,44,,44,,
00:00.0,,,,,,,,,,,,US,,,,FALSE,,,,,,4000,,,,,,,,,221,84f8c51a-7d6e-e411-8b85-6c3be5a6aa7c,FALSE,70,,51,68,1
00:00.0,,,,,,,,,,,,USA,,,,FALSE,,,,,,182724,,,,,,,,,199,148d4be7-0bf8-e311-93d1-6c3be5a6aa7c,FALSE,70,SF,37,2,1
00:00.0,,,,,,,,,,,,US,,,,FALSE,,,,,,251807,,,,,,,,,201,00c3e498-6408-e411-93d1-6c3be5a6aa7c,FALSE,70,,24,38,1
00:00.0,,,,,,,,,,,,USA,,,,FALSE,,,,,,10000,,,,,,,,,186,cc7f202b-d4cb-e311-a804-6c3be5a6aa7c,FALSE,,,40,2,1
00:00.0,,,,,,,,,,,,USA,,,,FALSE,,,,,,297260,,,,,,,,,196,b389736f-c4ed-e311-aa44-6c3be5a6aa7c,FALSE,,,24,2,1
00:00.0,,,,,,,,,,,,USA,,,,FALSE,,,,,,20000,,,,,,,,,174,037cde84-3a9f-e311-aca1-6c3be5a6aa7c,FALSE,,,51,2,1
00:00.0,,,,,,,,,,,,US,,,,FALSE,,,,,,970243,,,,,,,,,213,666a4890-cc53-e411-b18e-6c3be5a6aa7c,FALSE,,,51,44,1
00:00.0,,,,,,,,,,,,USA,,,,TRUE,,,,,,989668,,,,,,,,,178,d81f713a-f3ad-e311-8c38-6c3be5a841e0,FALSE,,,24,71,16
00:00.0,,,,,,,,,,,,US,,,,FALSE,,,,,,17000,,,,,,,,,240,53dfdc04-abd4-e411-9210-6c3be5a841e0,FALSE,58,SF,51,2,1
00:00.0,,,,,,,,,,,,USA,,,,FALSE,,,,,,16000,,,,,,,,,181,f8e35e1f-e2b9-e311-aa0f-6c3be5a841e0,FALSE,,,24,74,11
00:00.0,,,,,,,,,,,,USA,,,,FALSE,,,,,,204645,,,,,,,,,182,889bde59-a6ba-e311-aa0f-6c3be5a841e0,FALSE,,,51,2,1
00:00.0,,,,,,,,,,,,USA,,,,FALSE,,,,,,53495,,,,,,,,,185,c2d0914e-52ca-e311-b46e-6c3be5a841e0,FALSE,,SF,51,2,1
00:00.0,,,,,,,,,,,,,,,,FALSE,,,,,,42000,,,,,,,,,200,8b62994f-96fc-e311-96d7-6c3be5a8b8b0,FALSE,,,24,,
00:00.0,,,,,,,,,,,,US,,,,TRUE,,,,,,427000,,,,,,,,,203,5a7bce52-720c-e411-b2a1-6c3be5a8b8b0,FALSE,,,37,8,1
00:00.0,,,,,,,,,,,,,,,,FALSE,,,,,,3534,,,,,,,,,64,f8975cc4-f938-e211-8a15-78e3b51146cf,FALSE,,,24,,
00:00.0,,,,,,,,,,,,,,,,FALSE,,,,,,4428,,,,,,,,,67,33e22acb-ad40-e211-8a15-78e3b51146cf,FALSE,,SF,40,,
00:00.0,,,,,,,,,,,,USA,,,,FALSE,,,,,,430000,,,,,,,,,169,759abc3e-9b87-e311-8b1b-78e3b51146cf,FALSE,,SF,24,2,1
00:00.0,,,,,,,,,,,,,,,,FALSE,,,,,,4000,,,,,,,,,154,730c350b-8e45-e311-8b1c-78e3b51146cf,FALSE,,SF,24,2,
00:00.0,,,,,,,,,,,,USA,,,,FALSE,,,,,,1218,,,,,,,,,156,75e8f312-c74b-e311-8b1c-78e3b51146cf,FALSE,,SF,51,2,1
00:00.0,,,,,,,,,,,,,,,,FALSE,,,,,,106602,,,,TRUE,,,,,88,91021817-9e7b-e211-8b44-78e3b51146cf,FALSE,,SF,70,2,
00:00.0,,,,,,,,,,,,,,,,FALSE,,,,,,55000,,,,,,,,,89,bdafb8ec-b87b-e211-8b44-78e3b51146cf,FALSE,,,51,2,1
00:00.0,,,,,,,,,,,,,,,,FALSE,,,,,,85000,,,,,,,,,97,7e2b666b-1c90-e211-8bd7-78e3b51146cf,FALSE,,,40,2,1
00:00.0,,,,,,,,,,,,,,,,FALSE,,,,,,51968,,,,,,,,,117,c6b1b554-4dd5-e211-97d3-78e3b51146cf,FALSE,,SF,51,8,
00:00.0,,,,,,,,,,,,,,,,FALSE,,,,,,18206,,,,,,,,,6,5c10d0c3-ff13-e211-8b1a-78e3b511b601,FALSE,,,51,,
00:00.0,,,,,,,,,,,,USA,,,,FALSE,,,,,,323276,,,,TRUE,,,,,9,e287e2af-0014-e211-8b1a-78e3b511b601,FALSE,,SF,24,2,1
00:00.0,,,,,,,,,,,,,,,,FALSE,,,,,,20813,,,,,,,,,19,b8deff8b-0214-e211-8b1a-78e3b511b601,FALSE,,,51,54,1
00:00.0,,,,,,,,,,,,USA,,,,FALSE,,,,,,2916,,,,,,,,,20,8c3b04af-0214-e211-8b1a-78e3b511b601,FALSE,,,40,88,1
00:00.0,,,,,,,,,,,,USA,,,,FALSE,,,,,,7640,,,,,,,,,22,da5cbfb3-0314-e211-8b1a-78e3b511b601,FALSE,,,40,2,1
00:00.0,,,,,,,,,,,,,,,,FALSE,,,,,,2390193,,,,,,,,,27,567b4ddc-0514-e211-8b1a-78e3b511b601,FALSE,,SF,24,2,1
00:00.0,,,,,,,,,,,,,,,,FALSE,,,,,,26290,,,,TRUE,,,,,33,f45fe30d-0714-e211-8b1a-78e3b511b601,FALSE,,SF,51,,
00:00.0,,,,,,,,,,,,,,,,FALSE,,,,,,18000,,,,,,,,,46,b45aa84a-0914-e211-8b1a-78e3b511b601,FALSE,,,40,2,1
00:00.0,,,,,,,,,,,,USA,,,,FALSE,,,,,,40794,,,,,,,,,144,bc453c18-082a-e311-b7e1-78e3b511b601,FALSE,,,24,2,1
00:00.0,,,,,,,,,,,,US,,,,FALSE,,,,,,12000,,,,,,,,,233,8d4d2180-1cb2-e411-8840-a45d36fc0a08,FALSE,50,,51,84,1
00:00.0,,,,,,,,,,,,,,,,FALSE,,,,,,3000000,,,,,,,,,219,691f601e-9163-e411-bdb7-a45d36fc0a08,FALSE,37,SF,37,2,1
00:00.0,,,,,,,,,,,,US,,,,FALSE,,,,,,42781,,,,,,,,,264,b3add76d-a037-e511-80e3-c4346bac0260,FALSE,,SF,40,2,1
00:00.0,,,,,,,,,,,,,,,,FALSE,,,,,,30000,,,,,,,,,267,7d4d8379-7b52-e511-80ec-c4346bac0260,FALSE,,SF,37,2,
00:00.0,,,,,,,,,,,,US,,,,FALSE,,,,,,50000,,,,,,,,,272,0c3d4320-c85b-e511-80ec-c4346bac0260,FALSE,,,57,103,7
00:00.0,,,,,,,,,,,,US,,,,FALSE,,,,,,200000,,,,,,,,,281,214424e9-b397-e511-80f8-c4346bac0260,FALSE,70,,40,105,1
00:00.0,,,,,,,,,,,,,,,,FALSE,,,,,,42000,,,,,,,,,297,80ea94ed-f1db-e511-8104-c4346bac0260,FALSE,,,24,50,1
00:00.0,,,,,,,,,,,,US,,,,FALSE,,,,,,90000,,,,TRUE,,,,,282,502961ab-6798-e511-80f1-c4346bac4b64,FALSE,70,,24,,
00:00.0,,,,,,,,,,,,US,,,,FALSE,,,,,,43680,,,,,,,,,284,0ec8d89e-d39a-e511-80f3-c4346bac4b64,FALSE,70,SF,37,3,1
00:00.0,,,,,,,,,,,,Mexico,,,,FALSE,,,,,,174000,,,,,,,,,300,60166de5-78f7-e511-80ff-c4346bac4b64,FALSE,50,,24,115,
00:00.0,,,,,,,,,,,,US,,,,FALSE,,,,,,400000,,,,FALSE,,,,,268,80522233-df57-e511-80e8-c4346bacb92c,FALSE,,SF,55,2,1
00:00.0,,,,,,,,,,,,US,,,,FALSE,,,,,,204706,,,,TRUE,,,,,289,83ec4454-66c1-e511-80f9-c4346bacb92c,FALSE,40,SF,57,8,1
00:00.0,,,,,,,,,,,,US,,,,FALSE,,,,,,5578,,,,,,,,,292,8d196dfe-9bca-e511-80f9-c4346bacb92c,FALSE,51,SF,51,119,1
00:00.0,,,,,,,,,,,,US,,,,FALSE,,,,,,5000,,,,,,,,,308,5f43aab6-e91e-e611-8104-c4346bacb92c,FALSE,,,69,5,1
00:00.0,,,,,,,,,,,,US,,,,FALSE,,,,,,1000,,,,,,,,,309,e3596832-9f22-e611-8104-c4346bacb92c,FALSE,37,,37,2,1
00:00.0,,,,,,,,,,,,US,,,,FALSE,,,,,,56402,,,,TRUE,,,,,271,819e01c4-ff5a-e511-80eb-c4346bacdbe8,FALSE,70,SF,51,114,1
00:00.0,,,,,,,,,,,,US,,,,FALSE,,,,,,10000,,,,,,,,,279,f63f35a1-ce88-e511-80f3-c4346bacdbe8,FALSE,54,,51,120,
00:00.0,,,,,,,,,,,,US,,,,FALSE,,,,,,30000,,,,,,,,,294,c7cdb9a7-8bce-e511-80fe-c4346bacdbe8,FALSE,24,,24,8,1
00:00.0,,,,,,,,,,,,US,,,,FALSE,,,,,,107804,,,,,,,,,307,6a67470d-4919-e611-810c-c4346bacdbe8,FALSE,50,SF,24,34,1
00:00.0,,,,,,,,,,,,US,,,,FALSE,,,,,,80000,,,,,,,,,372,513135b5-9bf7-e611-80f2-e0071b66cf61,FALSE,64,DV,37,62,2
00:00.0,,,,,,,,,,,,,,,,FALSE,,,,,,8200,,,,,,,,,383,1a18c4b5-ce09-e711-80f5-e0071b66cf61,FALSE,,SF,51,,
00:00.0,,,,,,,,,,,,USA,,,,FALSE,,,,,,45000,,,,,,,,,389,1a941888-8e0d-e711-80f5-e0071b66cf61,FALSE,44,DV,44,62,2
00:00.0,,,,,,,,,,,,,,,,FALSE,,,,,,266700,,,,,,,,,392,af5efa92-ab15-e711-80f7-e0071b66cf61,FALSE,37,SF,44,122,10
00:00.0,,,,,,,,,,,,,,,,FALSE,,,,,,271903,,,,TRUE,,,,,395,87924231-7016-e711-80f8-e0071b66cf61,FALSE,58,SF,89,123,10
00:00.0,,,,,,,,,,,,USA,,,,FALSE,,,,,,156068,,,,,,,,,403,8e7f9b85-7a20-e711-80f8-e0071b66cf61,FALSE,42,SF,66,124,1
00:00.0,,,,,,,,,,,,,,,,TRUE,,,,,,30000,,,,,,,,,1,a47ae7f3-8441-e711-80ff-e0071b66cf61,FALSE,58,SF,58,,
00:00.0,,,,,,,,,,,,,,,,FALSE,,,,,,133500,,,,,,,,,424,7979eed4-1147-e711-80ff-e0071b66cf61,FALSE,58,SF,58,10,1
00:00.0,,,,,,,,,,,,US,,,,FALSE,,,,,,21376,,,,,,,,,426,abc2f67d-104a-e711-80ff-e0071b66cf61,FALSE,,SF,,2,1
00:00.0,,,,,,,,,,,,,,,,FALSE,,,,,,68825,,,,TRUE,,,,,428,058c795b-2c52-e711-8100-e0071b66cf61,FALSE,54,SF,37,125,1
00:00.0,,,,,,,,,,,,,,,,FALSE,,,,,,21000,,,,TRUE,,,,,430,6cace214-3b55-e711-8100-e0071b66cf61,FALSE,40,SF,43,6,1
00:00.0,,,,,,,,,,,,,,,,FALSE,,,,,,20000,,,,,,,,,432,e01acf52-615b-e711-8100-e0071b66cf61,FALSE,42,SF,42,2,1
00:00.0,,,,,,,,,,,,,,,,FALSE,,,,,,695248,,,,TRUE,,,,,0435-A-10742,d590cab4-8166-e711-8101-e0071b66cf61,FALSE,70,SF,55,54,1
00:00.0,,,,,,,,,,,,US,,,,FALSE,,,,,,22200,,,,TRUE,,,,,436,06d8c7e3-3967-e711-8101-e0071b66cf61,FALSE,37,SF,55,2,1
00:00.0,,,,,,,,,,,,US,,,,FALSE,,,,,,525215,,,,TRUE,,,,,0445-A-10738,e3548e4e-d37b-e711-8103-e0071b66cf61,FALSE,24,SF,73,3,1
00:00.0,,,,,,,,,,,,,,,,FALSE,,,,,,418278,,,,TRUE,,,,,446,2ec04c8f-d57b-e711-8103-e0071b66cf61,FALSE,24,SF,73,,
00:00.0,,,,,,,,,,,,USA,,,,FALSE,,,,,,75599,,,,TRUE,,,,,471,73a36fb4-c0c8-e711-810f-e0071b66cf61,FALSE,57,SF,57,2,1
00:00.0,,,,,,,,,,,,US,,,,FALSE,,,,,,800000,,,,TRUE,,,,,487,516bb01c-4ffd-e711-8116-e0071b66cf61,FALSE,89,SF,89,126,21
00:00.0,,,,,,,,,,,,US,,,,FALSE,,,,,,18179,,,,,,,,,505,42bac1ab-c823-e811-8119-e0071b66cf61,FALSE,40,SF,40,35,1
00:00.0,,,,,,,,,,,,US,,,,FALSE,,,,,,4700,,,,TRUE,,,,,0507-A-10788,450e3bb7-de23-e811-8119-e0071b66cf61,FALSE,49,SF,84,127,1
00:00.0,,,,,,,,,,,,US,,,,FALSE,,,,,,42948,,,,TRUE,,,,,508,e2584533-5326-e811-8119-e0071b66cf61,FALSE,84,SF,84,2,1
00:00.0,,,,,,,,,,,,,,,,FALSE,,,,,,10560,,,,,,,,,379,4659b1a3-8b03-e711-80fa-e0071b6ad191,FALSE,42,SF,42,2,1
00:00.0,,,,,,,,,,,,,,,,FALSE,,,,,,14573,,,,,,,,,391,55870182-0c14-e711-80fd-e0071b6ad191,FALSE,42,SF,42,,
00:00.0,,,,,,,,,,,,US,,,,FALSE,,,,,,5000,,,,TRUE,,,,,408,825a0c51-2526-e711-80ff-e0071b6ad191,FALSE,37,SF,37,2,1
00:00.0,,,,,,,,,,,,,,,,FALSE,,,,,,19000,,,,TRUE,,,,,409,99f9434e-b226-e711-80ff-e0071b6ad191,FALSE,40,SF,51,,
00:00.0,,,,,,,,,,,,,,,,FALSE,,,,,,50000,,,,,,,,,419,c037ddbc-213c-e711-8102-e0071b6ad191,FALSE,42,SF,37,84,1
00:00.0,,,,,,,,,,,,USA,,,,FALSE,,,,,,571527,,,,,,,,,439,aa63478d-bc76-e711-8108-e0071b6ad191,FALSE,,SF,51,2,1
00:00.0,,,,,,,,,,,,,,,,FALSE,,,,,,7915,,,,,,,,,440,dcc71668-be76-e711-8108-e0071b6ad191,FALSE,,SF,43,2,1
00:00.0,,,,,,,,,,,,USA,,,,FALSE,,,,,,508000,,,,FALSE,,,,,456,50e496c2-aa8d-e711-810b-e0071b6ad191,FALSE,58,SF,58,2,1
00:00.0,,,,,,,,,,,,,,,,FALSE,,,,,,229006,,,,,,,,,458,7c2ea8c5-1c9c-e711-810c-e0071b6ad191,FALSE,,SF,,,
00:00.0,,,,,,,,,,,,,,,,TRUE,,,,,,190000,,,,FALSE,,,,,460,a941c153-5f9d-e711-810c-e0071b6ad191,FALSE,,SF,58,,
00:00.0,,,,,,,,,,,,US,,,,FALSE,,,,,,60000,,,,,,,,,464,267406db-66af-e711-810f-e0071b6ad191,FALSE,89,SF,89,8,1
00:00.0,,,,,,,,,,,,,,,,TRUE,,,,,,600000,,,,TRUE,,,,,465,11bfc765-ecb4-e711-8110-e0071b6ad191,FALSE,24,SF,24,49,1
00:00.0,,,,,,,,,,,,US,,,,FALSE,,,,,,2500000,,,,,,,,,469,b7b12263-edc3-e711-8113-e0071b6ad191,FALSE,,SF,,,1
00:00.0,,,,,,,,,,,,US,,,,FALSE,,,,,,224285,,,,FALSE,,,,,470,5879ed4b-9ac8-e711-8113-e0071b6ad191,FALSE,,SF,82,3,1
00:00.0,,,,,,,,,,,,US,,,,FALSE,,,,,,18906,,,,,,,,,476,b765e39e-82d4-e711-8115-e0071b6ad191,FALSE,66,SF,66,2,1
00:00.0,,,,,,,,,,,,,,,,TRUE,,,,,,676897,,,,TRUE,,,,,515,456e642d-5143-e811-8120-e0071b6ad191,FALSE,44,DV,44,17,2
00:00.0,,,,,,,,,,,,,,,,FALSE,,,,,,500000,,,,,,,,,520,b3b21931-3452-e811-8128-e0071b6ad191,FALSE,,SF,54,3,10
00:00.0,,,,,,,,,,,,,,,,FALSE,,,,,,36085,,,,FALSE,,,,,373,450e35ad-9cf7-e611-80fb-e0071b715b91,FALSE,50,SF,44,3,1
00:00.0,,,,,,,,,,,,,,,,FALSE,,,,,,20000,,,,,,,,,384,fde305fe-5f0b-e711-80fe-e0071b715b91,FALSE,42,SF,42,,
00:00.0,,,,,,,,,,,,,,,,FALSE,,,,,,21100,,,,,,,,,398,7e1f6df7-d71b-e711-8102-e0071b715b91,FALSE,70,SF,81,,
00:00.0,,,,,,,,,,,,US,,,,FALSE,,,,,,3484800,,,,TRUE,,,,,401,022079da-081f-e711-8102-e0071b715b91,FALSE,,SF,37,130,1
00:00.0,,,,,,,,,,,,,,,,FALSE,,,,,,190000,,,,,,,,,410,997d9223-0a2a-e711-8105-e0071b715b91,FALSE,24,SF,24,,1
00:00.0,,,,,,,,,,,,USA,,,,TRUE,,,,,,10000,,,,,,,,,418,2e41ce7c-0e3c-e711-8106-e0071b715b91,FALSE,58,SF,58,10,1
00:00.0,,,,,,,,,,,,USA,,,,FALSE,,,,,,277256,,,,TRUE,,,,,420,8776bff4-443f-e711-8108-e0071b715b91,FALSE,57,SF,57,2,1
00:00.0,,,,,,,,,,,,USA,,,,FALSE,,,,,,176500,,,,,,,,,423,88d223a2-5946-e711-8109-e0071b715b91,FALSE,44,SF,44,5,1
00:00.0,,,,,,,,,,,,,,,,FALSE,,,,,,9600,,,,,,,,,438,b011b90e-736d-e711-810b-e0071b715b91,FALSE,70,SF,55,132,23
00:00.0,,,,,,,,,,,,,,,,FALSE,,,,,,28000,,,,FALSE,,,,,448,f48b12ba-3b7d-e711-810d-e0071b715b91,FALSE,54,SF,51,8,
00:00.0,,,,,,,,,,,,,,,,FALSE,,,,,,273000,,,,TRUE,,,,,452,d0aacbdc-4a8c-e711-810f-e0071b715b91,FALSE,,SF,86,2,1
00:00.0,,,,,,,,,,,,,,,,FALSE,,,,,,283000,,,,,,,,,455,5f822209-d68c-e711-810f-e0071b715b91,FALSE,,SF,87,38,10
00:00.0,,,,,,,,,,,,,,,,FALSE,,,,,,64053,,,,,,,,,457,78dab85c-a08e-e711-810f-e0071b715b91,FALSE,,SF,89,,
00:00.0,,,,,,,,,,,,,,,,FALSE,,,,,,265000,,,,,,,,,461,94c93c22-4aa5-e711-8110-e0071b715b91,FALSE,70,SF,37,,
00:00.0,,,,,,,,,,,,,,,,FALSE,,,,,,11000,,,,,,,,,414,7980d12b-7c36-e711-8116-e0071b7458a1,FALSE,42,SF,42,2,1
00:00.0,,,,,,,,,,,,,,,,FALSE,,,,,,38500,,,,,,,,,459,0340f909-bd9c-e711-8122-e0071b7458a1,FALSE,,SF,,3,10
00:00.0,,,,,,,,,,,,US,,,,TRUE,,,,,,12000,,,,FALSE,,,,,479,63ae384f-d3e5-e711-812d-e0071b7458a1,FALSE,,DV,58,17,2
00:00.0,,,,,,,,,,,,,,,,FALSE,,,,,,500000,,,,TRUE,,,,,480,b000d88a-77e6-e711-812e-e0071b7458a1,FALSE,,SF,89,2,1
00:00.0,,,,,,,,,,,,USA,,,,FALSE,,,,,,4574,,,,TRUE,,,,,482,e55ccee7-7be6-e711-812e-e0071b7458a1,FALSE,,SF,89,2,1
00:00.0,,,,,,,,,,,,,,,,TRUE,,,,,,265000,,,,FALSE,,,,,488,1f7f7080-7f00-e811-812f-e0071b7458a1,FALSE,,SF,24,8,
00:00.0,,,,,,,,,,,,US,,,,FALSE,,,,,,129897,,,,FALSE,,,,,494,8da51d39-b70d-e811-812f-e0071b7458a1,FALSE,,DV,44,17,2
00:00.0,,,,,,,,,,,,USA,,,,FALSE,,,,,,150000,,,,,,,,,502,13136563-9820-e811-812f-e0071b7458a1,FALSE,70,SF,51,5,1
00:00.0,,,,,,,,,,,,US,,,,FALSE,,,,,,218081,,,,TRUE,,,,,503,e845c654-2222-e811-8131-e0071b7458a1,FALSE,24,SF,24,5,1
00:00.0,,,,,,,,,,,,USA,,,,FALSE,,,,,,9000,,,,,,,,,512,383229dd-a536-e811-8135-e0071b7458a1,FALSE,,SF,74,2,1
00:00.0,,,,,,,,,,,,,,,,TRUE,,,,,,180108,,,,,,,,,250,30307a0f-e00a-e511-80e3-fc15b4284a70,FALSE,,,58,10,1
00:00.0,,,,,,,,,,,,US,,,,FALSE,,,,,,56845,,,,,,,,,255,60ccedce-b60f-e511-80e3-fc15b4284a70,FALSE,70,SF,51,2,1
00:00.0,,,,,,,,,,,,USA,,,,FALSE,,,,,1,4180,1,,,FALSE,,,,,684,c36e1b8f-af33-ea11-a813-000d3a36880e,FALSE,,SF,37,18,1
00:00.0,,,,,,,,,,,,USA,,,,FALSE,,,,,1,4180,1,,,FALSE,,,,,683,ad85f0e4-5d33-ea11-a813-000d3a368be7,FALSE,37,SF,37,18,1
00:00.0,,,,,,,,,,,,US,,,,FALSE,,,,,14,116000,181,,,FALSE,,,,,672,74275877-541d-ea11-a811-000d3a36880e,FALSE,24,SF,24,2,1
00:00.0,,,,,,,,,,,,US,,,,FALSE,,,,,,45450,100,,,TRUE,,,,,564,1f4f6016-c8cc-e811-a960-000d3a3780dd,FALSE,66,SF,73,2,1
00:00.0,,,,,,,,,,,,USA,,,,FALSE,,,,,3,42600,1,,,FALSE,,,,,704,e1356eb4-1459-ea11-a811-000d3a36886f,FALSE,37,SF,37,19,5
00:00.0,,,,,,,,,,,,US,,,,FALSE,,,,,,413680,3,,,FALSE,,,,,0690-A-9434,bc13920e-1a43-ea11-a812-000d3a368be7,FALSE,84,SF,84,5,1
00:00.0,,,,,,,,,,,,US,,,,FALSE,00:00.0,00:00.0,,,5,25536,45,,,TRUE,,,,,571,2111e551-43d9-e811-a960-000d3a3780dd,FALSE,73,SF,73,2,1
00:00.0,,,,,,,,,,,,USA,,,,FALSE,,,,,1,8000,1,,,,,,,,573,f8d8061c-fedd-e811-a962-000d3a3780dd,FALSE,,SF,,2,1
00:00.0,,,,,,,,,,,,USA,,,,FALSE,,,,,11,56000,85,,,FALSE,,,,,530,baa30aa3-8a6a-e811-a955-000d3a37839b,FALSE,,SF,37,2,1
00:00.0,,,,,,,,,,,,,,,,FALSE,,00:00.0,,,4,82079,126,,,TRUE,,,,,532,0951cb1c-aa6d-e811-a953-000d3a37870e,FALSE,81,SF,55,40,1
00:00.0,,,,,,,,,,,,US,,,,FALSE,,,,,3,71321,81,,,TRUE,,,,,559,39747ce3-2bc7-e811-a960-000d3a37870e,FALSE,73,SF,73,42,1
00:00.0,,,,,,,,,,,,US,,,,FALSE,,,,,,,71,,,TRUE,,,,,585,aa89f3ec-0a0a-e911-a964-000d3a37870e,FALSE,51,SF,86,44,1
00:00.0,,,,,,,,,,,,US,,,,FALSE,00:00.0,00:00.0,,,,123881,60,,,TRUE,,,,,588,a6c22a5d-5e14-e911-a966-000d3a37870e,FALSE,73,SF,73,45,1
00:00.0,,,,,,,,,,,,US,,,,FALSE,,,,,5,75000,120,,,TRUE,,,,,589,79997438-6014-e911-a966-000d3a37870e,FALSE,37,DV,37,17,2
00:00.0,,,,,,,,,,,,USA,,,,FALSE,,,,,,734840,731,,,TRUE,,,,,626,10570146-b187-e911-a975-000d3a37870e,FALSE,82,SF,81,35,1
00:00.0,,,,,,,,,,,,,,,,FALSE,00:00.0,00:00.0,,,21,899715,1032,,,,,,,,521,dedbf1ac-7c57-e811-a94f-000d3a378ca2,FALSE,,SF,73,3,1
00:00.0,,,,,,,,,,,500000000,USA,,,,FALSE,00:00.0,00:00.0,,,3,600000,1,,,FALSE,,,,500000000,528,71f8751c-ba5e-e811-a951-000d3a378ca2,FALSE,,SF,37,49,1
00:00.0,,,,,,,,,,,,US,,,,FALSE,,,,,1,25085,1,,,TRUE,,,,,584,62810b09-c203-e911-a964-000d3a378dd3,FALSE,55,SF,55,14,1
00:00.0,,,,,,,,,,,,,,,,FALSE,,,,,1,,1,,,,,,,,531,3cac48ec-876d-e811-a956-000d3a378f36,FALSE,,SF,,2,1
00:00.0,,,,,,,,,,,,US,,,,FALSE,,,,,6,275000,250,,,,,,,,633,6326af13-75ad-e911-a97e-000d3a378f36,FALSE,55,SF,55,2,1
00:00.0,,,,,,,,,,,,US,,,,FALSE,,,,,6,41724,108,,,TRUE,,,,,634,f026b61b-5eaf-e911-a97e-000d3a378f36,FALSE,73,SF,73,3,1
00:00.0,,,,,,,,,,,,US,,,,FALSE,,,,,5,,250,,,TRUE,,,,,635,be17cfe0-49b3-e911-a97e-000d3a378f36,FALSE,24,SF,84,2,1
00:00.0,,,,,,,,,,,,USA,,,,FALSE,,,,,3,352800,294,,,,,2163200,,82000000,356,49cb4b46-62d7-e611-80fa-5065f38afa01,FALSE,64,SF,64,,1
00:00.0,,,,,,,,,,,,USA,,,,FALSE,00:00.0,00:00.0,00:00.0,,6,380000,610,,,TRUE,,,,,351,9bd0c486-b5c7-e611-80f5-5065f38be0e1,FALSE,24,SF,24,2,1
00:00.0,,,,,,,,,,,,US,,,,FALSE,00:00.0,00:00.0,,,3-Feb,,213,,,,,,,,223,39d95048-767a-e411-957d-6c3be5a6aa7c,FALSE,,,37,2,1
00:00.0,,,,,,,,,,,,,,,,TRUE,,,,,4,120000,0,,,,,,,4250,204,b3f1e319-8612-e411-964e-6c3be5a6aa7c,TRUE,,SF,51,,1
00:00.0,,,,,,,,,,,,,,,,FALSE,00:00.0,00:00.0,,,26,430339,0,,,FALSE,,,,,207,62691201-2a1c-e411-98c5-6c3be5a6aa7c,FALSE,70,SF,24,2,1
00:00.0,,,,,,,,,,,,USA,,,,FALSE,,,,,7,,105,,,,,,,,198,7bf6f6bf-4ff3-e311-aa44-6c3be5a6aa7c,TRUE,,,37,2,1
00:00.0,,,,,,,,,,,,US,,,,FALSE,00:00.0,00:00.0,,,13,129632,107,,,TRUE,,15000,,,217,9f2326c9-035a-e411-b18e-6c3be5a6aa7c,FALSE,40,SF,44,2,1
00:00.0,,,,,,,,,,,,US,,,,FALSE,,,,,40,704935,399,,,TRUE,,,,,237,6e190498-0dd3-e411-9210-6c3be5a841e0,FALSE,,SF,81,2,1
00:00.0,6000,55,270,,,,,,,,,US,,,6170,FALSE,,,00:00.0,107,1,9685,1,,37,,113306,4.5,,14000000,239,0204884c-23d3-e411-9210-6c3be5a841e0,TRUE,,SF,37,72,1
00:00.0,,,,,,,,,,,548276,US,,,66000,FALSE,00:00.0,00:00.0,00:00.0,0,2,8847,1,75,40,,,62266,4.48,548276,231,cc32e394-6aa6-e411-98da-6c3be5a841e0,FALSE,58,,37,2,1
00:00.0,,,,,,,,,,,,,,,,FALSE,,,,,5,,599,,,,,538550,,,209,fafc6569-aa2c-e411-a961-6c3be5a841e0,FALSE,,,55,73,1
00:00.0,,,,,,,,,,,,USA,,,,FALSE,,,,,3,59485,82,,,,,32704,,,183,869d475d-53c0-e311-aa0f-6c3be5a841e0,FALSE,,,40,75,1
00:00.0,,,,,,,,,,,,USA,,,,FALSE,,,,,5,69386,35,,,,,,,,212,43ea3f78-3653-e411-b300-6c3be5a841e0,FALSE,70,,37,2,1
00:00.0,43152,127421,1000000,,,,,,,,,US,,,282000,FALSE,00:00.0,00:00.0,,16,2,103000,4,88,43,,,103000,252,,218,fd9438ca-045e-e411-8a09-6c3be5a8b8b0,FALSE,70,SF,37,2,1
00:00.0,,,,,,,,,,,,US,,,,FALSE,,,,,5,160000,126,,,TRUE,,,,,232,41a7991d-09ab-e411-9578-6c3be5a8b8b0,FALSE,37,SF,37,2,1
00:00.0,0,0,0,,,,,,,,45311436,USA,,00:00.0,1260000,FALSE,00:00.0,00:00.0,00:00.0,0,14,232853,1,88,41,,0,22493,372,45311436,208,90f0e716-761e-e411-b762-6c3be5a8b8b0,FALSE,,SF,24,2,1
00:00.0,,,,,,,,,,,,US,,,,FALSE,,,,,5,69386,35,,,,,,,,211,032d9cd6-ca48-e411-b78e-6c3be5a8b8b0,FALSE,,SF,24,34,1
00:00.0,,,,,,,,,,,,USA,,,,FALSE,,,,,8,70000,150,,,,,12125,,,189,b9c52eaf-83d1-e311-8efd-6c3be5a8ca30,FALSE,,,58,2,1
00:00.0,,,,,,,,,,,,USA,,,,TRUE,00:00.0,00:00.0,,,4,18893,0,,,,,,,,190,4f91ea9d-d6d7-e311-8efd-6c3be5a8ca30,FALSE,,,24,2,1
00:00.0,,,,,,,,,,,,USA,,,,FALSE,00:00.0,00:00.0,00:00.0,,6,53905,69,,,,,0.3,,,191,e7894ac7-edd9-e311-8efd-6c3be5a8ca30,FALSE,,,44,2,1
00:00.0,,,,,,,,,,,,USA,,,,FALSE,00:00.0,00:00.0,,,8,56977,38,,,TRUE,,0.2,,,192,a7bc2eac-f1d9-e311-8efd-6c3be5a8ca30,FALSE,,SF,73,2,1
00:00.0,,,,,,,,,,,,US,,,,FALSE,00:00.0,00:00.0,00:00.0,,3,293783,105,,25,,,3.5,,,128,e011d347-4dee-e211-8a2e-78e3b51146cf,FALSE,,SF,37,3,1
00:00.0,,,,,,,,,,,,USA,,,,FALSE,00:00.0,00:00.0,00:00.0,,5,21175,44,,,,,,,15580,162,07ea5511-3356-e311-8b1b-78e3b51146cf,FALSE,,,58,2,1
00:00.0,,,,,,,,,,,,USA,,,,FALSE,00:00.0,00:00.0,00:00.0,,10,88031,71,,,,,0.3,,13840,163,f5a469d4-3856-e311-8b1b-78e3b51146cf,FALSE,,SF,37,2,1
00:00.0,,,,,,,,,,,,USA,,,,FALSE,00:00.0,00:00.0,00:00.0,,6,81400,77,,,FALSE,,,,,168,8ce8da55-d882-e311-8b1b-78e3b51146cf,FALSE,,SF,73,2,1
00:00.0,,,,,,,,,,,,US,,,27000,FALSE,00:00.0,00:00.0,00:00.0,51,1,9950,1,,46,TRUE,,45289,,22000000,123,f93cc4eb-73de-e211-8b83-78e3b51146cf,FALSE,,SF,37,72,1
00:00.0,,,,,,,,,,,,USA,,,,FALSE,,,,,10,219981,0,,,FALSE,,,,,102,05ef2ecf-1593-e211-8bd7-78e3b51146cf,FALSE,70,SF,42,2,1
00:00.0,,,,,,,,,,,,US,,,,FALSE,00:00.0,00:00.0,00:00.0,17,5,69894,71,57,35,,,0.4,,16045,1,ecbcb5f0-fc13-e211-8b1a-78e3b511b601,FALSE,,SF,37,2,1
00:00.0,,,,,,,,,,,,US,,,,FALSE,00:00.0,00:00.0,00:00.0,17,11,98254,180,57,35,,,0.2,,11835,3,502c3133-fd13-e211-8b1a-78e3b511b601,FALSE,,SF,44,2,1
00:00.0,,,,,,,,,,,,US,,,2059000,FALSE,00:00.0,00:00.0,00:00.0,,12,117739,117,,47,,,0.3,,43000000,4,b7dc754b-fd13-e211-8b1a-78e3b511b601,FALSE,,SF,57,2,1
00:00.0,,,,,,,,,,,,US,,,,FALSE,00:00.0,00:00.0,,35,3,3860,1,57,20,,,0.2,,9859.5,14,c8a464f2-0114-e211-8b1a-78e3b511b601,FALSE,,SF,51,56,1
00:00.0,,,,,,,,,,,,US,,00:00.0,,FALSE,00:00.0,00:00.0,00:00.0,,5,71070,81,,,,,0.6,,49090,69,1c6b8a44-a84b-e211-8b98-78e3b511b601,FALSE,,SF,37,38,1
00:00.0,153000,490,28200,,,,,,,,,US,,,893700,FALSE,00:00.0,00:00.0,00:00.0,51,4,321300,645,95,43,,,375795,2660,70000000,60,a78ba6cd-ff25-e211-8bc9-78e3b511b601,FALSE,,SF,37,86,1
00:00.0,,,,,,,,,,,,US,,,,FALSE,00:00.0,00:00.0,,24,6,97740,88,57,35,,,2.2,,43485,91,93679de3-7c7f-e211-8c15-78e3b511b601,FALSE,,SF,37,2,1
00:00.0,,,,,,,,,,,,USA,,,,FALSE,00:00.0,00:00.0,,,,22647,26,,,,,,,34885,131,e8bb1a87-acf8-e211-8c1d-78e3b511b601,FALSE,,,37,2,1
00:00.0,,,,,,,,,,,,US,,,,FALSE,00:00.0,00:00.0,,,5,66043,40,,,,,0.3,,10515,140,ced6071f-5316-e311-8cd4-78e3b511b601,FALSE,,,37,2,1
00:00.0,,,,,,,,,,,,US,,,,FALSE,00:00.0,00:00.0,00:00.0,,6,186856,259,,,TRUE,,1.5,,23095,132,283fcb8c-1405-e311-8db5-78e3b511b601,FALSE,,SF,37,2,1
00:00.0,,,,,,,,,,,,US,,,,FALSE,00:00.0,00:00.0,00:00.0,,9,139000,114,,,,,0.6,,33422.5,136,47a08751-7d0e-e311-8db5-78e3b511b601,FALSE,,SF,24,2,1
00:00.0,,,,,,,,,,,,US,,,,FALSE,00:00.0,00:00.0,,,1,8494,1,,,,,,,,230,c578ae9d-60a6-e411-b206-a45d36fc0a08,FALSE,58,SF,58,2,1
00:00.0,,,,,,,,,,,,US,,,,FALSE,,,,,42,524000,545,,,TRUE,,,,,245,7d3c7a51-bcf5-e411-bab0-a45d36fc0a08,FALSE,70,SF,81,2,1
00:00.0,,,,,,,,,,,2600000,USA,,,,FALSE,00:00.0,00:00.0,00:00.0,,2,23000,1,,,,,23000,,,312,06bad8af-7f3e-e611-8117-c4346bac0260,FALSE,70,SF,74,2,1
00:00.0,,,,,,,,,,,,US,,,,TRUE,00:00.0,00:00.0,,,,1526153,1013,,,TRUE,,102100,,,263,da24abcb-5f2a-e511-80da-c4346bac4b64,FALSE,,SF,73,114,1
00:00.0,,,,,,,,,,,,US,,,,FALSE,,,,,6,99715,110,,,TRUE,,26990,,,304,55c429bf-5a06-e611-8100-c4346bac4b64,FALSE,54,SF,24,3,1
00:00.0,,,,,,,,,,,,US,,,,FALSE,00:00.0,00:00.0,00:00.0,24,1,5000,1,99,45,,,,,,278,06811af2-cb88-e511-80f3-c4346bacdbe8,FALSE,70,SF,,2,1
00:00.0,,,,,,,,,,,,US,,,,FALSE,,,,,23,823290,298,,,TRUE,,,,,421,f8626b78-4b46-e711-80ff-e0071b66cf61,FALSE,54,SF,55,44,1
00:00.0,,,,,,,,,,,,,,,,FALSE,,,,,8,146930,200,,,TRUE,,,,,422,609fe0da-5646-e711-80ff-e0071b66cf61,FALSE,40,SF,44,41,1
00:00.0,,,,,,,,,,,,US,,,,FALSE,,,,,2,22429,1,,,TRUE,,,,,483,9e2778b6-f0f7-e711-8115-e0071b66cf61,FALSE,,SF,37,114,1
00:00.0,,,,,,,,,,,,US,,,,FALSE,,,,,6,29040,28,,,TRUE,,,,,495,b6b9f8a9-e50d-e811-8116-e0071b66cf61,FALSE,,SF,73,2,1
00:00.0,,,,,,,,,,,,US,,,,FALSE,,,,,4,44414,35,,,TRUE,,,,,467,a2b8fd16-56c3-e711-8113-e0071b6ad191,FALSE,,SF,24,3,1
00:00.0,,,,,,,,,,,,US,,,,TRUE,,,,,6,85570,65,,,FALSE,,,,,468,90959c95-5fc3-e711-8113-e0071b6ad191,FALSE,,SF,44,129,10
00:00.0,,,,,,,,,,,,US,,,,FALSE,,,,,,13500,220,,,TRUE,,,,,475,81e291c6-6cd4-e711-8115-e0071b6ad191,FALSE,82,SF,82,44,1
00:00.0,,,,,,,,,,,,US,,,,FALSE,,,,,,522720,68,,,FALSE,,,,,477,5587c427-2ed5-e711-8115-e0071b6ad191,FALSE,40,SF,44,53,1
00:00.0,,,,,,,,,,,,,,,,FALSE,,,,,,125000,102,,,TRUE,,,,,509,bf995383-eb32-e811-8123-e0071b715b91,FALSE,,SF,73,3,10
00:00.0,,,,,,,,,,,,,,,,FALSE,00:00.0,00:00.0,00:00.0,,5,330000,365,,,,,,,,396,0ba1e9f3-b018-e711-8112-e0071b7458a1,FALSE,24,SF,81,67,1
00:00.0,,,,,,,,,,,,,,,,FALSE,00:00.0,00:00.0,00:00.0,,4,102939,102,,,TRUE,,62847,,,449,37393069-ca82-e711-811f-e0071b7458a1,FALSE,,SF,37,3,1
00:00.0,,,,,,,,,,,,,,,,FALSE,,,,,,35707,40,,,TRUE,,,,,451,eabd5359-c989-e711-8120-e0071b7458a1,FALSE,,SF,73,2,10
00:00.0,,,,,,,,,,,,,,,,FALSE,,,,,6,140000,310,,,FALSE,,,,38000000,500,e34fc695-f318-e811-812f-e0071b7458a1,FALSE,,SF,24,54,1
